order_id,order_timestamp,delivered_timestamp,driver_id,restaurant_id,cust_id,delivery_region,discount_applied,discount_code,order_total,discount_pc,status
100001,26/11/2021 18:22,26/11/2021 18:49,273,105,1016,Dublin,TRUE,BLACKFRIDAY21,69.46,20,COMPLETED
100002,11/07/2021 21:23,11/07/2021 21:53,43,219,1017,Cork,FALSE,,69.4,,COMPLETED
100003,27/04/2021 17:28,27/04/2021 17:55,299,48,1019,Dublin,FALSE,,47.16,,COMPLETED
100004,22/02/2021 18:08,22/02/2021 18:35,320,233,1020,Dublin,FALSE,,47.15,,COMPLETED
100005,21/06/2021 18:14,21/06/2021 18:44,41,207,1024,Dublin,FALSE,,47,,COMPLETED
100006,15/08/2021 18:15,15/08/2021 18:45,154,83,1025,Cork,FALSE,,46.88,,COMPLETED
100007,27/08/2021 19:18,27/08/2021 19:48,160,194,1028,Cork,FALSE,,46.78,,COMPLETED
100008,18/12/2021 18:52,18/12/2021 19:19,60,83,1013,Dublin,FALSE,,46.67,,COMPLETED
100009,17/11/2021 19:30,17/11/2021 19:57,172,228,1017,Dublin,FALSE,,46.56,,COMPLETED
100010,29/05/2021 17:09,29/05/2021 17:36,373,9,1019,Dublin,FALSE,,46.4,,COMPLETED
100011,03/11/2021 23:15,03/11/2021 23:42,319,18,1020,Cork,FALSE,,46.28,,COMPLETED
100012,26/11/2021 18:22,26/11/2021 18:49,90,6,1024,Dublin,TRUE,BLACKFRIDAY21,46.13,20,COMPLETED
100013,12/08/2021 20:21,12/08/2021 20:51,290,295,1032,Cork,FALSE,,45.68,,COMPLETED
100014,19/08/2021 22:30,19/08/2021 23:00,360,64,1035,Cork,FALSE,,45.59,,COMPLETED
100015,05/11/2021 17:08,05/11/2021 17:35,156,9,1044,Cork,FALSE,,45.04,,COMPLETED
100016,30/11/2021 18:20,30/11/2021 18:47,34,205,1045,Dublin,FALSE,,44.99,,COMPLETED
100017,14/08/2021 19:47,14/08/2021 20:17,367,20,1047,Cork,FALSE,,44.93,,COMPLETED
100018,11/07/2021 18:15,11/07/2021 18:45,216,264,1048,Cork,FALSE,,44.55,,COMPLETED
100019,14/05/2021 18:48,14/05/2021 19:15,254,20,1049,Dublin,FALSE,,44.5,,COMPLETED
100020,22/10/2021 20:10,22/10/2021 20:37,227,313,1052,Cork,FALSE,,44.44,,COMPLETED
100021,05/04/2021 17:36,05/04/2021 18:03,150,20,1054,Dublin,FALSE,,44.39,,COMPLETED
100022,18/07/2021 18:03,18/07/2021 18:33,275,109,1058,Cork,FALSE,,44.04,,COMPLETED
100023,11/05/2021 18:59,11/05/2021 19:26,175,98,1059,Dublin,FALSE,,44.01,,COMPLETED
100024,26/11/2021 23:58,27/11/2021 00:25,254,233,1061,Dublin,FALSE,,43.99,,COMPLETED
100025,30/06/2021 18:26,30/06/2021 18:56,297,44,1063,Dublin,FALSE,,43.95,,COMPLETED
100026,14/09/2021 17:41,14/09/2021 18:11,277,43,1065,Cork,FALSE,,43.9,,COMPLETED
100027,03/12/2021 22:22,03/12/2021 22:49,64,76,1066,Dublin,FALSE,,43.85,,COMPLETED
100028,20/10/2021 17:14,20/10/2021 17:41,141,29,1077,Cork,FALSE,,42.92,,COMPLETED
100029,13/04/2021 18:00,13/04/2021 18:27,170,98,1080,Dublin,FALSE,,42.87,,COMPLETED
100030,23/04/2021 18:27,23/04/2021 18:54,222,20,1079,Dublin,FALSE,,42.87,,COMPLETED
100031,22/07/2021 23:42,,66,63,1081,Cork,FALSE,,42.87,,CANCELLED
100032,10/02/2021 20:12,10/02/2021 20:39,345,97,1083,Dublin,FALSE,,42.76,,COMPLETED
100033,07/06/2021 18:42,07/06/2021 19:12,198,20,1084,Dublin,FALSE,,42.7,,COMPLETED
100034,26/11/2021 18:22,26/11/2021 18:49,343,232,1086,Dublin,TRUE,BLACKFRIDAY21,42.38,20,COMPLETED
100035,17/12/2021 17:00,17/12/2021 17:33,379,8,1087,Dublin,FALSE,,42.38,,COMPLETED
100036,26/11/2021 20:52,26/11/2021 21:19,184,224,1092,Dublin,TRUE,BLACKFRIDAY21,41.89,20,COMPLETED
100037,09/11/2021 20:07,09/11/2021 20:34,349,20,1097,Dublin,FALSE,,41.78,,COMPLETED
100038,09/05/2021 19:38,09/05/2021 20:05,154,20,1098,Dublin,FALSE,,41.72,,COMPLETED
100039,23/11/2021 17:38,23/11/2021 18:05,356,84,1099,Dublin,FALSE,,41.67,,COMPLETED
100040,26/06/2021 17:15,26/06/2021 17:45,315,94,1100,Dublin,FALSE,,41.62,,COMPLETED
100041,19/12/2021 20:29,19/12/2021 20:56,84,70,1101,Dublin,FALSE,,41.37,,COMPLETED
100042,26/08/2021 18:30,26/08/2021 19:00,229,27,1103,Cork,FALSE,,41.24,,COMPLETED
100043,14/03/2021 23:34,15/03/2021 00:01,367,249,1105,Dublin,FALSE,,41.18,,COMPLETED
100044,09/09/2021 17:49,09/09/2021 18:19,163,77,1111,Cork,FALSE,,40.75,,COMPLETED
100045,19/12/2021 21:45,19/12/2021 22:18,172,76,1112,Dublin,FALSE,,40.75,,COMPLETED
100046,07/05/2021 21:01,07/05/2021 21:28,320,44,1117,Dublin,FALSE,,40.69,,COMPLETED
100047,26/11/2021 17:14,26/11/2021 17:41,350,41,1119,Dublin,TRUE,BLACKFRIDAY21,40.64,20,COMPLETED
100048,02/05/2021 19:18,02/05/2021 19:45,227,281,1121,Dublin,FALSE,,40.28,,COMPLETED
100049,16/04/2021 18:36,16/04/2021 19:03,248,264,1122,Dublin,FALSE,,40.26,,COMPLETED
100050,16/06/2021 17:23,16/06/2021 17:53,41,8,1123,Dublin,FALSE,,40.26,,COMPLETED
100051,26/07/2021 17:44,26/07/2021 18:14,417,27,1125,Cork,FALSE,,40.2,,COMPLETED
100052,16/02/2021 17:56,16/02/2021 18:23,63,91,1129,Dublin,FALSE,,40.15,,COMPLETED
100053,03/09/2021 21:27,03/09/2021 21:57,277,6,1130,Cork,FALSE,,40.15,,COMPLETED
100054,29/10/2021 20:28,29/10/2021 20:58,179,10,1135,Cork,FALSE,,39.71,,COMPLETED
100055,19/07/2021 18:19,19/07/2021 18:49,156,68,1137,Cork,FALSE,,39.66,,COMPLETED
100056,16/10/2021 21:40,16/10/2021 22:16,195,241,1139,Cork,FALSE,,39.63,,COMPLETED
100057,12/07/2021 18:31,12/07/2021 19:01,308,211,1141,Cork,FALSE,,39.6,,COMPLETED
100058,16/07/2021 17:50,16/07/2021 18:20,76,127,1140,Cork,FALSE,,39.6,,COMPLETED
100059,04/12/2021 21:59,04/12/2021 22:26,87,45,1142,Dublin,TRUE,HAPPYBIRTHDAY,39.6,10,COMPLETED
100060,21/08/2021 23:42,22/08/2021 00:12,36,311,1144,Cork,TRUE,HAPPYBIRTHDAY,39.57,10,COMPLETED
100061,20/02/2021 21:57,20/02/2021 22:24,355,48,1145,Dublin,FALSE,,39.55,,COMPLETED
100062,04/06/2021 17:21,04/06/2021 17:51,34,20,1146,Dublin,FALSE,,39.55,,COMPLETED
100063,20/12/2021 19:26,20/12/2021 19:53,84,79,1150,Dublin,FALSE,,39.25,,COMPLETED
100064,18/07/2021 17:24,18/07/2021 17:54,264,194,1151,Cork,FALSE,,39.17,,COMPLETED
100065,02/03/2021 20:12,,204,241,1153,Dublin,FALSE,,39.11,,CANCELLED
100066,29/05/2021 19:15,29/05/2021 19:42,327,107,1154,Dublin,FALSE,,39.11,,COMPLETED
100067,18/10/2021 19:14,18/10/2021 19:44,315,68,1155,Cork,FALSE,,39.11,,COMPLETED
100068,11/11/2021 23:38,12/11/2021 00:05,60,104,1157,Dublin,FALSE,,39.11,,COMPLETED
100069,16/11/2021 17:33,16/11/2021 18:00,109,170,1156,Dublin,FALSE,,39.11,,COMPLETED
100070,28/05/2021 18:52,28/05/2021 19:19,131,346,1158,Dublin,TRUE,HAPPYBIRTHDAY,38.63,10,COMPLETED
100071,16/07/2021 17:18,16/07/2021 17:48,76,280,1161,Cork,FALSE,,38.59,,COMPLETED
100072,21/04/2021 16:29,21/04/2021 16:56,320,8,1162,Dublin,FALSE,,38.57,,COMPLETED
100073,26/06/2021 20:14,26/06/2021 20:44,276,4,1164,Dublin,FALSE,,38.52,,COMPLETED
100074,12/04/2021 17:46,12/04/2021 18:13,243,194,1168,Dublin,FALSE,,38.08,,COMPLETED
100075,14/05/2021 17:17,14/05/2021 17:44,255,39,1169,Dublin,FALSE,,38.08,,COMPLETED
100076,29/11/2021 17:37,29/11/2021 18:04,117,98,1172,Dublin,FALSE,,38.03,,COMPLETED
100077,29/07/2021 20:47,29/07/2021 21:17,428,20,1173,Cork,FALSE,,38.02,,COMPLETED
100078,26/11/2021 17:43,26/11/2021 18:10,275,28,1174,Dublin,TRUE,BLACKFRIDAY21,37.97,20,COMPLETED
100079,13/12/2021 19:42,13/12/2021 20:15,255,83,1175,Dublin,FALSE,,37.92,,COMPLETED
100080,26/11/2021 19:49,26/11/2021 20:16,254,107,1177,Dublin,TRUE,BLACKFRIDAY21,37.54,20,COMPLETED
100081,08/10/2021 20:19,08/10/2021 20:59,343,84,1183,Cork,FALSE,,37.43,,COMPLETED
100082,19/08/2021 18:53,19/08/2021 19:23,200,20,1185,Cork,FALSE,,37.37,,COMPLETED
100083,26/06/2021 16:36,26/06/2021 17:06,257,154,1189,Dublin,FALSE,,36.99,,COMPLETED
100084,05/08/2021 18:46,05/08/2021 19:16,125,124,1190,Cork,FALSE,,36.99,,COMPLETED
100085,19/03/2021 21:13,19/03/2021 21:40,288,18,1193,Dublin,FALSE,,36.88,,COMPLETED
100086,15/06/2021 21:06,15/06/2021 21:33,144,353,1195,Dublin,FALSE,,36.72,,COMPLETED
100087,27/08/2021 18:14,27/08/2021 18:44,177,194,1197,Cork,FALSE,,36.45,,COMPLETED
100088,04/10/2021 20:44,04/10/2021 21:23,328,3,1198,Cork,FALSE,,36.45,,COMPLETED
100089,06/02/2021 17:20,06/02/2021 17:47,276,8,1201,Dublin,FALSE,,36.4,,COMPLETED
100090,23/08/2021 17:35,23/08/2021 18:05,200,104,1202,Cork,FALSE,,36.4,,COMPLETED
100091,20/11/2021 17:01,20/11/2021 17:28,366,8,1205,Dublin,FALSE,,36.34,,COMPLETED
100092,27/11/2021 20:55,27/11/2021 21:22,143,107,1204,Dublin,TRUE,HAPPYBIRTHDAY,36.34,10,COMPLETED
100093,27/11/2021 23:48,28/11/2021 00:15,144,205,1207,Dublin,FALSE,,36.29,,COMPLETED
100094,10/05/2021 23:51,11/05/2021 00:18,317,190,1209,Dublin,FALSE,,36.23,,COMPLETED
100095,12/04/2021 23:58,13/04/2021 00:25,117,76,1217,Dublin,FALSE,,35.8,,COMPLETED
100096,15/08/2021 23:44,16/08/2021 00:14,225,12,1218,Cork,FALSE,,35.8,,COMPLETED
100097,26/06/2021 22:12,26/06/2021 22:42,87,233,1220,Dublin,TRUE,HAPPYBIRTHDAY,35.76,10,COMPLETED
100098,30/11/2021 18:58,30/11/2021 19:25,366,233,1221,Dublin,FALSE,,35.76,,COMPLETED
100099,27/07/2021 20:17,27/07/2021 20:47,48,15,1223,Cork,FALSE,,35.69,,COMPLETED
100100,26/06/2021 21:00,26/06/2021 21:30,184,225,1227,Dublin,FALSE,,35.31,,COMPLETED
100101,27/04/2021 18:50,27/04/2021 19:17,274,221,1231,Dublin,FALSE,,35.14,,COMPLETED
100102,26/03/2021 18:20,26/03/2021 18:47,184,98,1232,Dublin,FALSE,,34.82,,COMPLETED
100103,21/06/2021 20:51,21/06/2021 21:21,222,68,1235,Dublin,FALSE,,34.76,,COMPLETED
100104,26/11/2021 20:09,26/11/2021 20:36,275,9,1236,Dublin,TRUE,BLACKFRIDAY21,34.76,20,COMPLETED
100105,24/12/2021 17:47,24/12/2021 18:14,276,227,1243,Dublin,FALSE,,34.64,,COMPLETED
100106,12/08/2021 18:32,12/08/2021 19:02,354,124,1244,Cork,FALSE,,34.27,,COMPLETED
100107,05/07/2021 17:23,05/07/2021 17:53,319,20,1247,Cork,FALSE,,34.17,,COMPLETED
100108,18/08/2021 20:51,18/08/2021 21:21,147,14,1249,Cork,FALSE,,33.95,,COMPLETED
100109,30/03/2021 19:19,30/03/2021 19:46,168,253,1146,Dublin,FALSE,,33.68,,COMPLETED
100110,05/05/2021 19:54,05/05/2021 20:21,220,201,1150,Dublin,FALSE,,33.68,,COMPLETED
100111,07/06/2021 17:39,07/06/2021 18:09,255,219,1151,Dublin,FALSE,,33.68,,COMPLETED
100112,04/05/2021 23:18,04/05/2021 23:45,98,8,1156,Dublin,FALSE,,33.62,,COMPLETED
100113,18/05/2021 23:55,19/05/2021 00:22,373,181,1169,Dublin,FALSE,,33.19,,COMPLETED
100114,22/10/2021 18:22,22/10/2021 19:01,166,4,1172,Cork,FALSE,,33.19,,COMPLETED
100115,26/11/2021 18:22,26/11/2021 18:49,274,62,1173,Kerry,TRUE,BLACKFRIDAY21,33.19,20,COMPLETED
100116,08/12/2021 19:27,08/12/2021 19:54,139,44,1174,Kerry,FALSE,,33.19,,COMPLETED
100117,17/10/2021 17:34,,232,188,1190,Kerry,FALSE,,33.02,,CANCELLED
100118,02/08/2021 16:32,02/08/2021 17:02,168,297,1195,Kerry,FALSE,,32.71,,COMPLETED
100119,09/07/2021 19:20,09/07/2021 19:50,319,7,1202,Kerry,FALSE,,32.64,,COMPLETED
100120,23/12/2021 21:38,23/12/2021 22:05,313,63,1201,Kerry,FALSE,,32.64,,COMPLETED
100121,13/08/2021 19:29,13/08/2021 19:59,112,12,1207,Kerry,FALSE,,32.59,,COMPLETED
100122,22/09/2021 23:55,23/09/2021 00:25,60,8,1205,Sligo,FALSE,,32.59,,COMPLETED
100123,26/12/2021 20:46,26/12/2021 21:13,314,12,1249,Sligo,FALSE,,32.05,,COMPLETED
100124,22/02/2021 20:26,22/02/2021 20:53,311,19,1146,Sligo,FALSE,,31.99,,COMPLETED
100125,12/07/2021 18:20,12/07/2021 18:50,314,48,1151,Sligo,FALSE,,31.99,,COMPLETED
100126,04/08/2021 17:01,04/08/2021 17:31,189,170,1153,Sligo,FALSE,,31.99,,COMPLETED
100127,26/11/2021 20:07,26/11/2021 20:34,168,170,1154,Sligo,TRUE,BLACKFRIDAY21,31.99,20,COMPLETED
100128,08/07/2021 19:27,08/07/2021 19:57,117,225,1174,Sligo,FALSE,,31.5,,COMPLETED
100129,20/11/2021 20:41,20/11/2021 21:08,36,319,1190,Sligo,TRUE,HAPPYBIRTHDAY,31.33,10,COMPLETED
100130,19/05/2021 20:42,19/05/2021 21:09,115,20,1195,Sligo,FALSE,,31.19,,COMPLETED
100131,20/03/2021 20:28,20/03/2021 20:55,324,107,1197,Sligo,FALSE,,31.12,,COMPLETED
100132,28/10/2021 17:17,28/10/2021 17:44,267,97,1201,Sligo,FALSE,,31.05,,COMPLETED
100133,06/12/2021 18:06,06/12/2021 18:33,60,100,1202,Sligo,FALSE,,31.01,,COMPLETED
100134,26/11/2021 20:48,26/11/2021 21:15,50,3,1217,Sligo,TRUE,BLACKFRIDAY21,30.96,20,COMPLETED
100135,12/03/2021 17:54,12/03/2021 18:21,328,10,1221,Sligo,FALSE,,30.91,,COMPLETED
100136,29/11/2021 23:47,30/11/2021 00:14,195,10,1231,Sligo,FALSE,,30.84,,COMPLETED
100137,24/12/2021 23:02,24/12/2021 23:35,353,9,1232,Sligo,FALSE,,30.77,,COMPLETED
100138,22/07/2021 23:41,23/07/2021 00:11,319,107,1244,Sligo,FALSE,,30.56,,COMPLETED
100139,10/12/2021 20:06,10/12/2021 20:39,246,47,1017,Sligo,FALSE,,30.41,,COMPLETED
100140,19/06/2021 20:58,19/06/2021 21:28,386,63,1026,Sligo,FALSE,,30.36,,COMPLETED
100141,18/08/2021 17:13,18/08/2021 17:43,314,84,1029,Sligo,FALSE,,30.36,,COMPLETED
100142,20/11/2021 21:09,20/11/2021 21:36,248,240,1013,Sligo,FALSE,,30.36,,COMPLETED
100143,23/01/2021 18:16,23/01/2021 18:43,216,124,1017,Sligo,FALSE,,30.35,,COMPLETED
100144,14/11/2021 21:08,14/11/2021 21:35,240,12,1020,Sligo,FALSE,,30.25,,COMPLETED
100145,29/01/2021 17:28,29/01/2021 17:55,267,20,1024,Sligo,FALSE,,30.21,,COMPLETED
100146,14/12/2021 18:05,14/12/2021 18:32,200,9,1044,Sligo,FALSE,,30.07,,COMPLETED
100147,08/11/2021 16:48,08/11/2021 17:15,84,86,1045,Sligo,FALSE,,30.01,,COMPLETED
100148,04/06/2021 18:19,04/06/2021 18:49,303,308,1048,Sligo,FALSE,,29.94,,COMPLETED
100149,22/03/2021 18:46,22/03/2021 19:13,248,217,1058,Sligo,FALSE,,29.87,,COMPLETED
100150,20/05/2021 15:32,20/05/2021 15:59,388,28,1079,Dublin,FALSE,,29.82,,COMPLETED
100151,04/06/2021 17:28,04/06/2021 17:58,206,258,1080,Dublin,FALSE,,29.82,,COMPLETED
100152,14/09/2021 19:20,14/09/2021 19:50,368,20,1081,Cork,FALSE,,29.82,,COMPLETED
100153,05/03/2021 23:49,06/03/2021 00:16,116,211,1084,Dublin,FALSE,,29.79,,COMPLETED
100154,26/11/2021 20:09,26/11/2021 20:36,380,201,1098,Dublin,TRUE,BLACKFRIDAY21,29.66,20,COMPLETED
100155,16/04/2021 17:18,16/04/2021 17:45,222,8,1099,Dublin,FALSE,,29.65,,COMPLETED
100156,26/04/2021 18:58,26/04/2021 19:25,383,124,1101,Dublin,FALSE,,29.64,,COMPLETED
100157,22/07/2021 20:05,22/07/2021 20:35,279,154,1111,Cork,FALSE,,29.44,,COMPLETED
100158,26/03/2021 17:14,26/03/2021 17:41,168,194,1112,Dublin,FALSE,,29.38,,COMPLETED
100159,15/10/2021 18:05,15/10/2021 18:32,105,44,1117,Cork,FALSE,,29.38,,COMPLETED
100160,04/01/2021 18:13,04/01/2021 18:40,325,62,1121,Dublin,FALSE,,29.33,,COMPLETED
100161,11/08/2021 18:58,11/08/2021 19:28,163,30,1122,Cork,FALSE,,29.33,,COMPLETED
100162,28/08/2021 17:47,28/08/2021 18:17,262,10,1035,Cork,FALSE,,29.23,,COMPLETED
100163,23/07/2021 17:30,23/07/2021 18:00,155,41,1034,Cork,FALSE,,28.95,,COMPLETED
100164,26/12/2021 17:29,26/12/2021 18:02,60,9,1033,Dublin,FALSE,,28.84,,COMPLETED
100165,02/03/2021 19:39,02/03/2021 20:06,163,63,1029,Dublin,FALSE,,28.78,,COMPLETED
100166,09/04/2021 18:09,09/04/2021 18:36,320,8,1029,Dublin,FALSE,,28.78,,COMPLETED
100167,04/07/2021 19:02,04/07/2021 19:32,286,20,1032,Cork,FALSE,,28.78,,COMPLETED
100168,22/08/2021 23:06,22/08/2021 23:36,99,83,1031,Cork,FALSE,,28.78,,COMPLETED
100169,17/10/2021 17:14,17/10/2021 17:44,299,20,1030,Cork,FALSE,,28.78,,COMPLETED
100170,05/11/2021 23:39,06/11/2021 00:06,99,107,1028,Cork,FALSE,,28.78,,COMPLETED
100171,28/12/2021 17:05,28/12/2021 17:38,341,9,1032,Dublin,FALSE,,28.78,,COMPLETED
100172,29/12/2021 21:19,29/12/2021 21:52,207,45,1028,Dublin,FALSE,,28.78,,COMPLETED
100173,18/10/2021 17:52,18/10/2021 18:22,73,63,1027,Cork,TRUE,HAPPYBIRTHDAY,28.73,10,COMPLETED
100174,05/12/2021 17:17,05/12/2021 17:44,102,76,1027,Dublin,FALSE,,28.73,,COMPLETED
100175,02/02/2021 18:06,02/02/2021 18:33,287,87,1026,Dublin,FALSE,,28.62,,COMPLETED
100176,08/10/2021 18:11,,216,20,1363,Cork,FALSE,,28.62,,CANCELLED
100177,22/12/2021 18:30,22/12/2021 18:57,305,8,1364,Dublin,FALSE,,28.38,,COMPLETED
100178,10/08/2021 20:32,10/08/2021 21:02,190,187,1365,Cork,FALSE,,28.29,,COMPLETED
100179,23/12/2021 18:40,23/12/2021 19:13,133,207,1366,Kerry,FALSE,,28.29,,COMPLETED
100180,29/11/2021 17:13,29/11/2021 17:40,425,5,1367,Kerry,FALSE,,28.25,,COMPLETED
100181,23/07/2021 17:11,23/07/2021 17:41,147,6,1369,Kerry,FALSE,,28.24,,COMPLETED
100182,30/07/2021 18:27,30/07/2021 18:57,320,20,1368,Kerry,FALSE,,28.24,,COMPLETED
100183,09/08/2021 18:12,09/08/2021 18:42,343,107,1370,Kerry,FALSE,,28.12,,COMPLETED
100184,31/08/2021 23:14,31/08/2021 23:44,324,94,1371,Kerry,FALSE,,28.08,,COMPLETED
100185,26/11/2021 20:48,26/11/2021 21:15,303,316,1372,Kerry,TRUE,BLACKFRIDAY21,28.04,20,COMPLETED
100186,01/12/2021 20:48,01/12/2021 21:15,245,44,1373,Dublin,FALSE,,27.73,,COMPLETED
100187,07/10/2021 18:38,07/10/2021 19:28,257,155,1374,Cork,FALSE,,27.72,,COMPLETED
100188,09/02/2021 21:23,09/02/2021 21:50,36,170,1375,Dublin,TRUE,HAPPYBIRTHDAY,27.7,10,COMPLETED
100189,20/09/2021 17:02,20/09/2021 17:32,144,20,1377,Cork,FALSE,,27.64,,COMPLETED
100190,20/09/2021 21:35,20/09/2021 22:05,90,205,1376,Cork,FALSE,,27.64,,COMPLETED
100191,18/04/2021 23:18,18/04/2021 23:45,92,86,1279,Dublin,FALSE,,27.47,,COMPLETED
100192,30/06/2021 20:05,30/06/2021 20:35,172,8,1378,Dublin,FALSE,,27.21,,COMPLETED
100193,24/02/2021 21:00,24/02/2021 21:27,276,45,1379,Dublin,FALSE,,27.04,,COMPLETED
100194,22/12/2021 18:11,22/12/2021 18:38,41,10,1380,Dublin,FALSE,,26.66,,COMPLETED
100195,09/11/2021 22:57,09/11/2021 23:24,204,38,1381,Galway,FALSE,,26.61,,COMPLETED
100196,17/11/2021 20:05,17/11/2021 20:32,262,9,1382,Galway,FALSE,,26.12,,COMPLETED
100197,26/11/2021 20:09,26/11/2021 20:36,315,12,1384,Galway,TRUE,BLACKFRIDAY21,26.06,20,COMPLETED
100198,26/11/2021 21:53,26/11/2021 22:20,229,8,1383,Galway,TRUE,BLACKFRIDAY21,26.06,20,COMPLETED
100199,03/12/2021 22:57,03/12/2021 23:24,99,12,1386,Galway,FALSE,,26.06,,COMPLETED
100200,30/12/2021 20:27,30/12/2021 20:54,325,20,1385,Galway,FALSE,,26.06,,COMPLETED
100201,07/11/2021 20:54,07/11/2021 21:21,347,27,1387,Cork,FALSE,,25.96,,COMPLETED
100202,14/10/2021 18:36,14/10/2021 19:12,199,158,1388,Cork,FALSE,,25.79,,COMPLETED
100203,20/11/2021 20:38,20/11/2021 21:05,343,223,1389,Dublin,FALSE,,25.58,,COMPLETED
100204,16/09/2021 20:18,16/09/2021 20:48,84,211,1390,Cork,FALSE,,25.52,,COMPLETED
100205,18/12/2021 20:47,18/12/2021 21:14,195,12,1391,Dublin,FALSE,,25.47,,COMPLETED
100206,21/04/2021 20:46,21/04/2021 21:13,197,100,1392,Dublin,FALSE,,25.03,,COMPLETED
100207,10/11/2021 21:35,,353,3,1393,Dublin,FALSE,,25.03,,CANCELLED
100208,18/12/2021 18:37,18/12/2021 19:10,212,128,1394,Dublin,FALSE,,25.03,,COMPLETED
100209,05/02/2021 23:07,05/02/2021 23:34,198,8,1395,Dublin,FALSE,,24.98,,COMPLETED
100210,23/02/2021 23:28,23/02/2021 23:55,360,225,1396,Dublin,FALSE,,24.98,,COMPLETED
100211,07/04/2021 23:33,08/04/2021 00:00,311,57,1397,Dublin,FALSE,,24.98,,COMPLETED
100212,10/04/2021 21:42,10/04/2021 22:09,328,84,1398,Dublin,FALSE,,24.98,,COMPLETED
100213,05/12/2021 17:23,05/12/2021 17:50,69,6,1400,Dublin,FALSE,,24.98,,COMPLETED
100214,10/12/2021 18:23,10/12/2021 18:50,163,8,1399,Dublin,FALSE,,24.98,,COMPLETED
100215,12/12/2021 18:30,12/12/2021 19:03,34,18,1401,Dublin,FALSE,,24.98,,COMPLETED
100216,24/06/2021 19:09,24/06/2021 19:36,325,12,1402,Dublin,FALSE,,24.92,,COMPLETED
100217,19/01/2021 17:06,19/01/2021 17:33,156,8,1403,Dublin,FALSE,,24.71,,COMPLETED
100218,09/06/2021 20:01,09/06/2021 20:31,208,212,1404,Dublin,FALSE,,24.63,,COMPLETED
100219,09/08/2021 19:16,09/08/2021 19:46,222,6,1405,Cork,FALSE,,24.49,,COMPLETED
100220,22/11/2021 18:27,22/11/2021 18:54,391,9,1406,Dublin,FALSE,,24.49,,COMPLETED
100221,26/11/2021 20:09,26/11/2021 20:36,165,224,1265,Dublin,TRUE,BLACKFRIDAY21,24.49,20,COMPLETED
100222,12/12/2021 19:37,12/12/2021 20:10,259,124,1266,Galway,FALSE,,24.49,,COMPLETED
100223,04/11/2021 17:07,04/11/2021 17:34,99,19,1267,Galway,FALSE,,24.43,,COMPLETED
100224,18/06/2021 17:10,18/06/2021 17:40,305,3,1268,Galway,FALSE,,24.38,,COMPLETED
100225,29/11/2021 17:55,29/11/2021 18:22,341,83,1269,Galway,FALSE,,24.38,,COMPLETED
100226,18/01/2021 19:44,18/01/2021 20:11,311,20,1270,Galway,FALSE,,24.16,,COMPLETED
100227,15/12/2021 20:00,15/12/2021 20:27,313,213,1271,Galway,FALSE,,23.99,,COMPLETED
100228,03/02/2021 18:36,03/02/2021 19:03,56,47,1272,Dublin,FALSE,,23.94,,COMPLETED
100229,19/11/2021 17:20,19/11/2021 17:47,267,207,1273,Dublin,FALSE,,23.94,,COMPLETED
100230,19/02/2021 18:33,19/02/2021 19:00,314,48,1274,Dublin,FALSE,,23.89,,COMPLETED
100231,03/10/2021 20:56,03/10/2021 21:23,29,8,1293,Cork,FALSE,,23.89,,COMPLETED
100232,23/06/2021 17:57,23/06/2021 18:27,372,12,1275,Dublin,FALSE,,23.84,,COMPLETED
100233,26/11/2021 22:35,26/11/2021 23:02,276,68,1276,Dublin,TRUE,BLACKFRIDAY21,23.4,20,COMPLETED
100234,19/02/2021 21:48,19/02/2021 22:15,277,349,1277,Dublin,FALSE,,23.35,,COMPLETED
100235,19/09/2021 17:03,19/09/2021 17:33,189,267,1278,Cork,FALSE,,23.35,,COMPLETED
100236,01/03/2021 17:06,01/03/2021 17:33,308,205,1279,Dublin,FALSE,,23.29,,COMPLETED
100237,12/12/2021 17:36,12/12/2021 18:09,115,205,1280,Dublin,FALSE,,23.29,,COMPLETED
100238,03/08/2021 21:46,03/08/2021 22:16,54,71,1281,Cork,FALSE,,22.9,,COMPLETED
100239,06/08/2021 21:32,06/08/2021 22:02,154,6,1282,Cork,FALSE,,22.8,,COMPLETED
100240,11/08/2021 23:25,11/08/2021 23:55,90,3,1283,Cork,FALSE,,22.8,,COMPLETED
100241,18/10/2021 19:17,18/10/2021 19:44,36,186,1284,Cork,TRUE,HAPPYBIRTHDAY,22.8,10,COMPLETED
100242,01/01/2021 20:16,,288,233,1285,Dublin,FALSE,,22.73,,CANCELLED
100243,24/10/2021 18:42,24/10/2021 19:09,320,351,1286,Cork,FALSE,,22.5,,COMPLETED
100244,24/11/2021 18:14,24/11/2021 18:41,360,32,1287,Dublin,FALSE,,22.15,,COMPLETED
100245,02/05/2021 20:12,02/05/2021 20:39,60,96,1288,Dublin,FALSE,,21.77,,COMPLETED
100246,16/06/2021 18:57,16/06/2021 19:24,144,10,1290,Dublin,FALSE,,21.77,,COMPLETED
100247,20/06/2021 20:20,20/06/2021 20:47,141,215,1289,Dublin,FALSE,,21.77,,COMPLETED
100248,18/04/2021 17:48,18/04/2021 18:15,141,39,1291,Dublin,FALSE,,21.71,,COMPLETED
100249,03/05/2021 19:18,03/05/2021 19:45,329,224,1292,Dublin,FALSE,,21.22,,COMPLETED
100250,14/05/2021 17:03,14/05/2021 17:30,291,9,1298,Dublin,FALSE,,20.63,,COMPLETED
100251,24/06/2021 17:19,24/06/2021 17:49,248,122,1300,Dublin,FALSE,,20.63,,COMPLETED
100252,18/08/2021 22:26,18/08/2021 22:56,315,59,1297,Cork,FALSE,,20.63,,COMPLETED
100253,09/09/2021 21:34,09/09/2021 22:04,89,239,1296,Cork,FALSE,,20.63,,COMPLETED
100254,10/09/2021 17:26,10/09/2021 17:56,246,86,1299,Cork,FALSE,,20.63,,COMPLETED
100255,12/10/2021 18:32,12/10/2021 19:08,259,20,1302,Cork,FALSE,,20.63,,COMPLETED
100256,14/10/2021 17:15,14/10/2021 17:45,198,69,1301,Cork,FALSE,,20.63,,COMPLETED
100257,03/12/2021 22:35,03/12/2021 23:02,34,11,1294,Dublin,FALSE,,20.63,,COMPLETED
100258,16/12/2021 17:31,16/12/2021 17:58,225,10,1295,Dublin,FALSE,,20.63,,COMPLETED
100259,30/12/2021 20:05,30/12/2021 20:38,390,41,1293,Dublin,FALSE,,20.63,,COMPLETED
100260,12/05/2021 18:52,12/05/2021 19:19,328,12,1305,Galway,FALSE,,20.57,,COMPLETED
100261,20/09/2021 19:02,20/09/2021 19:32,267,5,1304,Galway,FALSE,,20.57,,COMPLETED
100262,28/11/2021 20:10,28/11/2021 20:37,370,205,1303,Galway,FALSE,,20.57,,COMPLETED
100263,16/09/2021 18:41,16/09/2021 19:11,118,309,1307,Galway,FALSE,,20.53,,COMPLETED
100264,26/11/2021 17:54,26/11/2021 18:21,84,107,1306,Galway,FALSE,,20.53,,COMPLETED
100265,19/08/2021 18:40,19/08/2021 19:10,366,20,1308,Galway,FALSE,,20.49,,COMPLETED
100266,26/11/2021 17:54,26/11/2021 18:21,116,109,1309,Dublin,TRUE,BLACKFRIDAY21,20.46,20,COMPLETED
100267,26/06/2021 18:08,26/06/2021 18:35,315,91,1310,Dublin,FALSE,,20.44,,COMPLETED
100268,02/08/2021 21:38,02/08/2021 22:08,232,238,1311,Cork,FALSE,,20.43,,COMPLETED
100269,30/03/2021 20:05,30/03/2021 20:32,89,247,1313,Dublin,FALSE,,20.41,,COMPLETED
100270,18/08/2021 19:37,18/08/2021 20:07,292,94,1314,Cork,FALSE,,20.41,,COMPLETED
100271,23/08/2021 21:05,23/08/2021 21:35,319,47,1312,Cork,FALSE,,20.41,,COMPLETED
100272,15/05/2021 23:10,15/05/2021 23:37,317,356,1315,Dublin,FALSE,,20.33,,COMPLETED
100273,07/05/2021 17:24,07/05/2021 17:51,294,20,1316,Dublin,FALSE,,20.3,,COMPLETED
100274,09/03/2021 23:58,10/03/2021 00:25,275,66,1317,Dublin,FALSE,,20.28,,COMPLETED
100275,09/12/2021 18:19,09/12/2021 18:52,114,9,1318,Dublin,FALSE,,20.26,,COMPLETED
100276,22/11/2021 17:30,22/11/2021 17:57,200,84,1319,Dublin,FALSE,,20.23,,COMPLETED
100277,11/08/2021 19:23,11/08/2021 19:53,154,123,1320,Cork,FALSE,,20.17,,COMPLETED
100278,26/09/2021 17:33,26/09/2021 18:03,302,98,1321,Cork,FALSE,,20.16,,COMPLETED
100279,04/05/2021 18:34,04/05/2021 19:01,290,77,1322,Dublin,FALSE,,20.14,,COMPLETED
100280,03/04/2021 18:02,03/04/2021 18:29,248,77,1323,Dublin,FALSE,,20.08,,COMPLETED
100281,16/03/2021 20:44,16/03/2021 21:11,215,6,1325,Dublin,FALSE,,20.08,,COMPLETED
100282,22/03/2021 18:15,22/03/2021 18:42,385,114,1324,Dublin,FALSE,,20.08,,COMPLETED
100283,16/05/2021 19:38,16/05/2021 20:05,154,20,1326,Dublin,FALSE,,20.08,,COMPLETED
100284,16/06/2021 18:19,16/06/2021 18:49,365,43,1327,Dublin,FALSE,,20.08,,COMPLETED
100285,23/09/2021 17:59,23/09/2021 18:29,340,83,1328,Cork,FALSE,,20.08,,COMPLETED
100286,13/04/2021 19:50,13/04/2021 20:17,56,20,1329,Dublin,FALSE,,20.07,,COMPLETED
100287,14/04/2021 21:54,14/04/2021 22:21,249,282,1331,Dublin,FALSE,,20.05,,COMPLETED
100288,20/06/2021 18:22,20/06/2021 18:52,388,100,1330,Dublin,FALSE,,20.05,,COMPLETED
100289,08/11/2021 17:26,08/11/2021 17:53,340,47,1332,Dublin,FALSE,,20.03,,COMPLETED
100290,17/06/2021 20:50,17/06/2021 21:20,97,98,1015,Dublin,FALSE,,20.03,,COMPLETED
100291,26/06/2021 21:44,26/06/2021 22:11,177,127,1333,Dublin,FALSE,,20.03,,COMPLETED
100292,22/04/2021 17:39,22/04/2021 18:06,215,59,1334,Dublin,FALSE,,19.59,,COMPLETED
100293,24/08/2021 21:20,24/08/2021 21:50,379,36,1338,Cork,FALSE,,19.59,,COMPLETED
100294,01/10/2021 21:13,01/10/2021 21:46,159,96,1339,Cork,FALSE,,19.59,,COMPLETED
100295,06/11/2021 20:16,06/11/2021 20:43,267,9,1340,Cork,FALSE,,19.59,,COMPLETED
100296,26/11/2021 20:21,26/11/2021 20:48,173,316,1335,Dublin,TRUE,BLACKFRIDAY21,19.59,20,COMPLETED
100297,29/11/2021 17:44,29/11/2021 18:11,373,3,1336,Dublin,FALSE,,19.59,,COMPLETED
100298,02/12/2021 18:51,02/12/2021 19:24,259,20,1337,Dublin,FALSE,,19.59,,COMPLETED
100299,01/05/2021 19:13,01/05/2021 19:40,248,44,1343,Dublin,FALSE,,19.54,,COMPLETED
100300,21/08/2021 23:20,21/08/2021 23:50,358,9,1341,Cork,FALSE,,19.54,,COMPLETED
100301,16/11/2021 23:31,16/11/2021 23:58,245,76,1342,Dublin,FALSE,,19.54,,COMPLETED
100302,17/03/2021 20:03,17/03/2021 20:30,195,249,1344,Dublin,FALSE,,19.49,,COMPLETED
100303,06/03/2021 18:35,06/03/2021 19:02,141,44,1347,Dublin,FALSE,,19,,COMPLETED
100304,19/11/2021 17:56,19/11/2021 18:23,334,316,1346,Dublin,FALSE,,19,,COMPLETED
100305,01/12/2021 23:56,02/12/2021 00:23,259,221,1345,Dublin,FALSE,,19,,COMPLETED
100306,08/12/2021 18:20,08/12/2021 18:47,319,8,1348,Dublin,FALSE,,19,,COMPLETED
100307,18/07/2021 20:33,18/07/2021 21:03,147,100,1349,Cork,FALSE,,18.72,,COMPLETED
100308,06/11/2021 22:41,06/11/2021 23:08,184,55,1350,Cork,FALSE,,18.51,,COMPLETED
100309,08/09/2021 17:28,08/09/2021 17:58,80,123,1351,Cork,FALSE,,18.48,,COMPLETED
100310,05/05/2021 21:54,05/05/2021 22:21,314,259,1355,Dublin,FALSE,,18.45,,COMPLETED
100311,26/08/2021 20:20,26/08/2021 20:50,79,107,1354,Cork,TRUE,HAPPYBIRTHDAY,18.45,10,COMPLETED
100312,13/09/2021 18:03,13/09/2021 18:33,248,76,1352,Cork,FALSE,,18.45,,COMPLETED
100313,26/11/2021 18:52,26/11/2021 19:19,133,120,1353,Dublin,TRUE,BLACKFRIDAY21,18.45,20,COMPLETED
100314,26/11/2021 21:56,26/11/2021 22:23,160,190,1356,Leitrim,TRUE,BLACKFRIDAY21,18.45,20,COMPLETED
100315,18/03/2021 17:50,18/03/2021 18:17,149,63,1358,Leitrim,TRUE,HAPPYBIRTHDAY,17.96,10,COMPLETED
100316,07/09/2021 20:50,07/09/2021 21:20,114,233,1357,Leitrim,FALSE,,17.96,,COMPLETED
100317,03/11/2021 18:23,03/11/2021 18:50,43,8,1359,Leitrim,FALSE,,17.96,,COMPLETED
100318,26/11/2021 18:38,26/11/2021 19:05,36,195,1360,Leitrim,TRUE,HAPPYBIRTHDAY,17.94,10,COMPLETED
100319,13/01/2021 19:07,13/01/2021 19:34,43,9,1361,Leitrim,FALSE,,17.42,,COMPLETED
100320,11/01/2021 17:53,11/01/2021 18:20,249,271,1362,Leitrim,FALSE,,17.36,,COMPLETED
100321,18/02/2021 17:55,18/02/2021 18:22,208,43,1009,Dublin,FALSE,,17.36,,COMPLETED
100322,02/03/2021 19:11,02/03/2021 19:38,56,9,1012,Dublin,FALSE,,16.82,,COMPLETED
100323,22/03/2021 21:46,22/03/2021 22:13,242,28,1013,Dublin,FALSE,,16.82,,COMPLETED
100324,07/06/2021 23:37,08/06/2021 00:07,207,44,1010,Dublin,FALSE,,16.82,,COMPLETED
100325,22/08/2021 18:18,22/08/2021 18:48,36,322,1011,Cork,TRUE,HAPPYBIRTHDAY,16.82,10,COMPLETED
100326,26/11/2021 21:26,26/11/2021 21:53,275,12,1015,Dublin,FALSE,,16.82,,COMPLETED
100327,26/11/2021 22:35,26/11/2021 23:02,319,28,1014,Dublin,TRUE,BLACKFRIDAY21,16.82,20,COMPLETED
100328,05/06/2021 20:38,05/06/2021 21:08,351,140,1016,Dublin,FALSE,,16.55,,COMPLETED
100329,05/11/2021 18:07,05/11/2021 18:34,302,247,1017,Cork,FALSE,,16.49,,COMPLETED
100330,26/02/2021 18:11,26/02/2021 18:38,144,83,1019,Dublin,FALSE,,16.33,,COMPLETED
100331,08/06/2021 17:22,08/06/2021 17:52,113,43,1020,Dublin,FALSE,,16.33,,COMPLETED
100332,08/07/2021 20:36,08/07/2021 21:06,227,316,1018,Cork,FALSE,,16.33,,COMPLETED
100333,26/10/2021 21:03,26/10/2021 21:39,376,27,1021,Cork,FALSE,,16.33,,COMPLETED
100334,09/11/2021 19:19,09/11/2021 19:46,302,43,1022,Dublin,FALSE,,16.33,,COMPLETED
100335,14/12/2021 20:17,14/12/2021 20:44,277,26,1023,Dublin,FALSE,,16.28,,COMPLETED
100336,21/04/2021 21:06,21/04/2021 21:33,372,57,1024,Dublin,FALSE,,16.04,,COMPLETED
100337,04/04/2021 17:49,04/04/2021 18:16,302,30,1025,Dublin,FALSE,,15.92,,COMPLETED
100338,01/02/2021 21:00,01/02/2021 21:27,147,9,1026,Dublin,FALSE,,15.79,,COMPLETED
100339,07/10/2021 18:10,07/10/2021 18:40,346,20,1027,Cork,FALSE,,15.6,,COMPLETED
100340,23/08/2021 18:14,23/08/2021 18:44,189,194,1028,Kerry,FALSE,,15.48,,COMPLETED
100341,24/07/2021 18:45,24/07/2021 19:15,105,29,1029,Kerry,FALSE,,15.41,,COMPLETED
100342,26/11/2021 22:25,26/11/2021 22:52,177,186,1030,Kerry,TRUE,BLACKFRIDAY21,15.35,20,COMPLETED
100343,27/07/2021 18:24,27/07/2021 18:54,139,57,1031,Kerry,FALSE,,15.29,,COMPLETED
100344,10/09/2021 19:14,10/09/2021 19:44,170,43,1032,Kerry,FALSE,,15.24,,COMPLETED
100345,27/02/2021 21:19,27/02/2021 21:46,177,170,1033,Kerry,FALSE,,14.97,,COMPLETED
100346,06/05/2021 21:03,06/05/2021 21:30,155,88,1034,Kerry,FALSE,,14.69,,COMPLETED
100347,27/12/2021 20:00,27/12/2021 20:33,411,314,1035,Dublin,FALSE,,14.67,,COMPLETED
100348,12/01/2021 18:47,12/01/2021 19:14,345,211,1036,Leitrim,FALSE,,14.65,,COMPLETED
100349,18/03/2021 20:49,18/03/2021 21:16,290,26,1037,Leitrim,FALSE,,14.65,,COMPLETED
100350,16/05/2021 19:38,16/05/2021 20:05,86,3,1038,Leitrim,FALSE,,14.65,,COMPLETED
100351,09/07/2021 19:28,09/07/2021 19:58,125,249,1039,Leitrim,FALSE,,14.65,,COMPLETED
100352,22/12/2021 18:14,22/12/2021 18:47,77,205,1040,Leitrim,FALSE,,14.65,,COMPLETED
100353,26/11/2021 17:07,26/11/2021 17:34,60,41,1041,Leitrim,FALSE,,14.59,,COMPLETED
100354,20/12/2021 20:33,20/12/2021 21:06,243,284,1042,Leitrim,FALSE,,14.47,,COMPLETED
100355,17/10/2021 17:53,17/10/2021 18:32,319,7,1043,Cork,FALSE,,14.4,,COMPLETED
100356,19/02/2021 17:59,19/02/2021 18:26,273,9,1044,Dublin,FALSE,,14.28,,COMPLETED
100357,24/07/2021 20:19,24/07/2021 20:49,189,154,1045,Cork,FALSE,,14.21,,COMPLETED
100358,18/04/2021 21:18,18/04/2021 21:45,205,90,1046,Dublin,FALSE,,14.16,,COMPLETED
100359,27/10/2021 17:05,27/10/2021 17:35,411,185,1047,Cork,FALSE,,14.16,,COMPLETED
100360,18/12/2021 19:33,18/12/2021 20:00,248,88,1048,Dublin,FALSE,,14.15,,COMPLETED
100361,16/11/2021 19:17,16/11/2021 19:44,41,12,1049,Dublin,FALSE,,14.09,,COMPLETED
100362,28/08/2021 17:14,28/08/2021 17:44,240,62,1050,Cork,FALSE,,14.02,,COMPLETED
100363,22/05/2021 17:07,22/05/2021 17:34,370,20,1051,Dublin,FALSE,,13.96,,COMPLETED
100364,22/08/2021 20:55,22/08/2021 21:25,365,63,1052,Cork,FALSE,,13.9,,COMPLETED
100365,27/12/2021 18:17,27/12/2021 18:50,49,41,1053,Dublin,FALSE,,13.52,,COMPLETED
100366,21/05/2021 21:19,21/05/2021 21:46,365,29,1054,Dublin,FALSE,,13.33,,COMPLETED
100367,20/07/2021 17:05,20/07/2021 17:35,222,5,1055,Cork,FALSE,,13.27,,COMPLETED
100368,05/10/2021 17:29,05/10/2021 17:56,327,48,1056,Cork,FALSE,,13.08,,COMPLETED
100369,09/05/2021 19:37,09/05/2021 20:04,232,309,1057,Dublin,FALSE,,12.95,,COMPLETED
100370,05/06/2021 23:44,06/06/2021 00:14,29,8,1042,Dublin,FALSE,,12.64,,COMPLETED
100371,26/02/2021 20:31,26/02/2021 20:58,424,106,1058,Dublin,FALSE,,12.57,,COMPLETED
100372,03/05/2021 18:25,03/05/2021 18:52,336,194,1059,Dublin,FALSE,,12.51,,COMPLETED
100373,23/12/2021 18:10,23/12/2021 18:37,137,83,1060,Dublin,FALSE,,12.45,,COMPLETED
100374,07/10/2021 17:25,07/10/2021 17:59,248,47,1061,Cork,FALSE,,12,,COMPLETED
100375,17/12/2021 18:25,17/12/2021 18:52,92,20,1039,Dublin,FALSE,,11.81,,COMPLETED
100376,30/10/2021 17:08,30/10/2021 17:35,172,84,1062,Cork,FALSE,,11.69,,COMPLETED
100377,01/09/2021 18:47,01/09/2021 19:17,166,205,1063,Cork,FALSE,,11.63,,COMPLETED
100378,22/07/2021 17:32,22/07/2021 18:02,194,9,1064,Cork,FALSE,,11.56,,COMPLETED
100379,13/10/2021 17:58,13/10/2021 18:25,328,81,1065,Cork,FALSE,,11.31,,COMPLETED
100380,01/07/2021 20:06,01/07/2021 20:36,222,20,1066,Dublin,FALSE,,11.12,,COMPLETED
100381,27/11/2021 20:29,27/11/2021 20:56,101,44,1067,Dublin,FALSE,,11.06,,COMPLETED
100382,24/12/2021 18:17,24/12/2021 18:44,287,121,1068,Dublin,FALSE,,10.93,,COMPLETED
100383,04/04/2021 18:11,04/04/2021 18:38,313,28,1069,Dublin,FALSE,,10.61,,COMPLETED
100384,15/04/2021 23:08,15/04/2021 23:35,257,128,1070,Dublin,FALSE,,10.55,,COMPLETED
100385,26/11/2021 23:35,27/11/2021 00:02,245,96,1071,Dublin,TRUE,BLACKFRIDAY21,10.49,20,COMPLETED
100386,29/06/2021 18:26,29/06/2021 18:56,259,68,1072,Dublin,FALSE,,10.36,,COMPLETED
100387,26/11/2021 22:35,26/11/2021 23:02,324,100,1073,Dublin,TRUE,BLACKFRIDAY21,10.3,20,COMPLETED
100388,24/09/2021 21:35,24/09/2021 22:05,29,107,1260,Cork,FALSE,,10.24,,COMPLETED
100389,04/09/2021 19:39,04/09/2021 20:09,175,157,1074,Cork,FALSE,,10.05,,COMPLETED
100390,14/03/2021 16:01,14/03/2021 16:28,144,258,1075,Dublin,FALSE,,9.48,,COMPLETED
100391,24/08/2021 20:50,24/08/2021 21:20,79,8,1076,Cork,TRUE,HAPPYBIRTHDAY,9.42,10,COMPLETED
100392,04/06/2021 20:50,04/06/2021 21:20,118,270,1077,Galway,FALSE,,9.35,,COMPLETED
100393,12/07/2021 21:06,12/07/2021 21:36,90,20,1078,Galway,FALSE,,9.29,,COMPLETED
100394,08/12/2021 19:16,08/12/2021 19:43,330,44,1079,Galway,FALSE,,9.24,,COMPLETED
100395,23/03/2021 18:09,23/03/2021 18:36,396,5,1080,Galway,FALSE,,9.23,,COMPLETED
100396,17/07/2021 23:01,17/07/2021 23:31,367,107,1081,Galway,FALSE,,9.1,,COMPLETED
100397,06/07/2021 17:36,06/07/2021 18:06,277,38,1082,Galway,FALSE,,9.04,,COMPLETED
100398,17/07/2021 20:53,17/07/2021 21:23,227,313,1083,Cork,FALSE,,8.97,,COMPLETED
100399,02/01/2021 18:12,02/01/2021 18:39,245,45,1084,Dublin,FALSE,,8.85,,COMPLETED
100400,12/10/2021 21:24,12/10/2021 22:00,245,350,1085,Cork,FALSE,,8.72,,COMPLETED
100401,03/01/2022 17:06,03/01/2022 17:39,290,178,1155,Dublin,FALSE,,31.99,,COMPLETED
100402,04/01/2022 17:41,04/01/2022 18:20,174,183,1014,Dublin,FALSE,,28.78,,COMPLETED
100403,08/01/2022 20:11,08/01/2022 20:44,214,213,1198,Dublin,FALSE,,31.07,,COMPLETED
100404,12/01/2022 18:16,12/01/2022 18:49,200,47,1002,Dublin,FALSE,,20.63,,COMPLETED
100405,12/01/2022 18:41,12/01/2022 19:17,355,8,1249,Dublin,FALSE,,30.47,,COMPLETED
100406,13/01/2022 20:01,13/01/2022 20:34,354,100,1113,Dublin,FALSE,,40.75,,COMPLETED
100407,15/01/2022 17:10,15/01/2022 17:46,257,262,1311,Cork,FALSE,,14.16,,COMPLETED
100408,19/01/2022 21:53,19/01/2022 22:26,155,38,1099,Cork,FALSE,,20.3,,COMPLETED
100409,20/01/2022 20:36,20/01/2022 21:09,222,72,1230,Cork,FALSE,,35.21,,COMPLETED
100410,22/01/2022 21:14,22/01/2022 21:47,357,47,1091,Cork,FALSE,,26.61,,COMPLETED
100411,23/01/2022 17:32,23/01/2022 18:08,397,312,1062,Cork,FALSE,,28.73,,COMPLETED
100412,26/01/2022 18:52,26/01/2022 19:28,168,194,1288,Cork,FALSE,,20.57,,COMPLETED
100413,29/01/2022 18:11,29/01/2022 18:47,431,76,1251,Cork,FALSE,,29.16,,COMPLETED
100414,01/02/2022 17:36,01/02/2022 18:12,249,197,1294,Cork,FALSE,,22.89,,COMPLETED
100415,04/02/2022 17:40,04/02/2022 18:16,86,8,1013,Cork,FALSE,,20.57,,COMPLETED
100416,06/02/2022 21:41,06/02/2022 22:17,277,109,1260,Cork,FALSE,,23.39,,COMPLETED
100417,08/02/2022 17:58,08/02/2022 18:34,73,48,1040,Cork,TRUE,HAPPYBIRTHDAY,18.48,10,COMPLETED
100418,08/02/2022 20:42,08/02/2022 21:18,259,10,1277,Cork,FALSE,,27.75,,COMPLETED
100419,08/02/2022 21:01,08/02/2022 21:37,97,98,1350,Cork,FALSE,,79.24,,COMPLETED
100420,09/02/2022 18:24,09/02/2022 19:00,276,63,1354,Cork,FALSE,,28.29,,COMPLETED
100421,10/02/2022 17:18,10/02/2022 17:54,282,169,1339,Cork,FALSE,,20.36,,COMPLETED
100422,10/02/2022 23:54,11/02/2022 00:30,362,10,1030,Cork,FALSE,,45.69,,COMPLETED
100423,11/02/2022 18:28,11/02/2022 19:04,245,220,1287,Cork,FALSE,,28.73,,COMPLETED
100424,12/02/2022 17:31,12/02/2022 18:07,215,68,1279,Cork,FALSE,,28.29,,COMPLETED
100425,12/02/2022 18:44,12/02/2022 19:20,215,20,1279,Cork,FALSE,,23.62,,COMPLETED
100426,13/02/2022 20:45,13/02/2022 21:21,267,124,1032,Cork,FALSE,,15.24,,COMPLETED
100427,15/02/2022 17:11,15/02/2022 17:47,367,12,1088,Cork,FALSE,,42.38,,COMPLETED
100428,15/02/2022 19:55,15/02/2022 20:31,320,233,1229,Cork,FALSE,,28.78,,COMPLETED
100429,17/02/2022 22:55,17/02/2022 23:31,235,159,1299,Cork,FALSE,,20.36,,COMPLETED
100430,18/02/2022 19:10,18/02/2022 19:46,43,12,1021,Cork,FALSE,,21.77,,COMPLETED
100431,18/02/2022 19:54,18/02/2022 20:30,357,20,1232,Cork,FALSE,,32.1,,COMPLETED
100432,20/02/2022 20:12,20/02/2022 20:48,267,5,1028,Cork,FALSE,,21.77,,COMPLETED
100433,20/02/2022 21:16,20/02/2022 21:52,168,195,1295,Cork,FALSE,,28.24,,COMPLETED
100434,22/02/2022 21:48,22/02/2022 22:24,248,347,1085,Cork,FALSE,,42.49,,COMPLETED
100435,24/02/2022 18:43,24/02/2022 19:19,366,9,1093,Cork,FALSE,,41.89,,COMPLETED
100436,27/02/2022 17:25,27/02/2022 18:01,73,127,1253,Cork,TRUE,HAPPYBIRTHDAY,29.02,10,COMPLETED
100437,27/02/2022 20:11,27/02/2022 20:47,245,30,1020,Cork,FALSE,,28.84,,COMPLETED
100438,27/02/2022 20:30,27/02/2022 21:06,144,62,1317,Cork,FALSE,,14.34,,COMPLETED
100439,28/02/2022 21:19,28/02/2022 21:55,48,6,1255,Cork,FALSE,,13.84,,COMPLETED
100440,01/03/2022 20:27,01/03/2022 21:03,317,297,1103,Cork,FALSE,,29.58,,COMPLETED
100441,02/03/2022 17:32,02/03/2022 18:08,322,112,1036,Cork,FALSE,,28.29,,COMPLETED
100442,03/03/2022 18:36,03/03/2022 19:12,166,233,1270,Cork,FALSE,,8.91,,COMPLETED
100443,04/03/2022 20:07,04/03/2022 20:43,345,69,1060,Cork,FALSE,,23.35,,COMPLETED
100444,04/03/2022 21:15,04/03/2022 21:51,145,107,1168,Cork,TRUE,HAPPYBIRTHDAY,31.61,10,COMPLETED
100445,06/03/2022 17:45,06/03/2022 18:21,80,107,1215,Cork,FALSE,,35.85,,COMPLETED
100446,06/03/2022 21:18,06/03/2022 21:54,343,9,1021,Cork,FALSE,,46.24,,COMPLETED
100447,06/03/2022 21:29,06/03/2022 22:05,282,90,1106,Cork,FALSE,,10.74,,COMPLETED
100448,07/03/2022 20:26,07/03/2022 21:02,36,175,1120,Cork,TRUE,HAPPYBIRTHDAY,40.42,10,COMPLETED
100449,08/03/2022 18:17,08/03/2022 18:53,267,9,1164,Cork,FALSE,,31.68,,COMPLETED
100450,09/03/2022 19:29,09/03/2022 20:05,299,124,1261,Cork,FALSE,,17.68,,COMPLETED
100451,10/03/2022 20:46,10/03/2022 21:22,155,98,1018,Cork,FALSE,,28.29,,COMPLETED
100452,12/03/2022 17:00,12/03/2022 17:36,308,68,1067,Cork,FALSE,,43.85,,COMPLETED
100453,13/03/2022 18:57,13/03/2022 19:33,354,9,1049,Cork,FALSE,,25.52,,COMPLETED
100454,13/03/2022 19:43,13/03/2022 20:19,170,39,1358,Cork,FALSE,,19.59,,COMPLETED
100455,14/03/2022 17:30,14/03/2022 18:06,276,107,1089,Cork,FALSE,,42.38,,COMPLETED
100456,15/03/2022 19:43,15/03/2022 20:19,56,106,1268,Cork,FALSE,,22.3,,COMPLETED
100457,16/03/2022 18:45,16/03/2022 19:21,60,15,1226,Cork,FALSE,,16.28,,COMPLETED
100458,17/03/2022 19:49,17/03/2022 20:25,43,6,1261,Cork,FALSE,,19,,COMPLETED
100459,18/03/2022 17:00,18/03/2022 17:36,328,114,1180,Cork,FALSE,,37.48,,COMPLETED
100460,18/03/2022 20:12,18/03/2022 20:48,259,86,1009,Cork,FALSE,,24.61,,COMPLETED
100461,18/03/2022 23:22,18/03/2022 23:58,345,232,1006,Cork,FALSE,,13.77,,COMPLETED
100462,19/03/2022 17:07,19/03/2022 17:43,323,227,1023,Cork,FALSE,,46.16,,COMPLETED
100463,19/03/2022 17:15,19/03/2022 17:51,320,124,1072,Cork,FALSE,,43.25,,COMPLETED
100464,19/03/2022 20:20,19/03/2022 20:56,115,81,1050,Cork,FALSE,,20.06,,COMPLETED
100465,20/03/2022 21:46,20/03/2022 22:22,66,212,1051,Cork,FALSE,,16.39,,COMPLETED
100466,20/03/2022 22:29,20/03/2022 23:05,144,62,1352,Cork,FALSE,,19.59,,COMPLETED
100467,21/03/2022 18:00,21/03/2022 18:36,43,5,1183,Cork,FALSE,,33.08,,COMPLETED
100468,21/03/2022 23:42,22/03/2022 00:18,279,288,1027,Cork,FALSE,,46.82,,COMPLETED
100469,23/03/2022 17:13,23/03/2022 17:49,144,27,1018,Cork,FALSE,,30.41,,COMPLETED
100470,24/03/2022 18:03,24/03/2022 18:39,41,351,1091,Cork,FALSE,,42.02,,COMPLETED
100471,24/03/2022 19:20,24/03/2022 19:56,166,91,1273,Cork,FALSE,,20.34,,COMPLETED
100472,28/03/2022 17:16,28/03/2022 17:52,60,80,1243,Cork,FALSE,,30.63,,COMPLETED
100473,28/03/2022 23:35,29/03/2022 00:11,398,23,1244,Cork,FALSE,,32.05,,COMPLETED
100474,29/03/2022 19:50,29/03/2022 20:26,420,20,1234,Cork,FALSE,,16.42,,COMPLETED
100475,29/03/2022 20:45,29/03/2022 21:21,99,259,1362,Cork,FALSE,,20.18,,COMPLETED
100476,05/04/2022 20:53,05/04/2022 21:32,328,28,1055,Cork,FALSE,,44.39,,COMPLETED
100477,06/04/2022 17:13,06/04/2022 17:49,115,19,1177,Cork,FALSE,,31.47,,COMPLETED
100478,06/04/2022 21:45,06/04/2022 22:21,80,68,1138,Cork,FALSE,,39.66,,COMPLETED
100479,06/04/2022 23:56,07/04/2022 00:32,101,98,1186,Cork,FALSE,,37.37,,COMPLETED
100480,09/04/2022 21:44,09/04/2022 22:20,184,41,1233,Cork,FALSE,,34.82,,COMPLETED
100481,10/04/2022 18:02,10/04/2022 18:41,248,26,1118,Cork,FALSE,,40.69,,COMPLETED
100482,10/04/2022 18:44,10/04/2022 19:20,34,312,1076,Cork,FALSE,,17.94,,COMPLETED
100483,10/04/2022 20:23,10/04/2022 20:59,97,30,1247,Cork,FALSE,,30.49,,COMPLETED
100484,11/04/2022 20:36,11/04/2022 21:12,314,20,1024,Cork,FALSE,,30.4,,COMPLETED
100485,13/04/2022 18:06,13/04/2022 18:42,174,170,1022,Cork,FALSE,,46.18,,COMPLETED
100486,13/04/2022 20:41,13/04/2022 21:20,182,186,1193,Cork,FALSE,,31.26,,COMPLETED
100487,15/04/2022 22:19,15/04/2022 22:55,36,169,1302,Cork,FALSE,,15.03,,COMPLETED
100488,16/04/2022 18:36,16/04/2022 19:12,229,66,1239,Cork,FALSE,,34.71,,COMPLETED
100489,18/04/2022 20:19,18/04/2022 20:55,133,63,1055,Cork,FALSE,,20.49,,COMPLETED
100490,18/04/2022 21:20,18/04/2022 21:56,49,45,1270,Cork,FALSE,,23.89,,COMPLETED
100491,22/04/2022 17:18,22/04/2022 17:54,249,147,1289,Cork,FALSE,,9.73,,COMPLETED
100492,23/04/2022 15:01,23/04/2022 15:37,309,58,1012,Cork,FALSE,,46.68,,COMPLETED
100493,24/04/2022 18:23,24/04/2022 18:59,203,225,1019,Cork,FALSE,,30.28,,COMPLETED
100494,26/04/2022 17:35,26/04/2022 18:11,222,91,1109,Cork,FALSE,,40.8,,COMPLETED
100495,26/04/2022 19:09,26/04/2022 19:45,144,76,1176,Cork,FALSE,,37.75,,COMPLETED
100496,29/04/2022 23:23,30/04/2022 00:02,56,12,1267,Cork,FALSE,,17.91,,COMPLETED
100497,30/04/2022 17:01,30/04/2022 17:37,373,8,1098,Cork,FALSE,,13.01,,COMPLETED
100498,30/04/2022 17:19,30/04/2022 17:55,297,63,1015,Cork,FALSE,,46.64,,COMPLETED
100499,30/04/2022 18:24,30/04/2022 19:00,434,9,1029,Cork,FALSE,,45.8,,COMPLETED
100500,30/04/2022 21:03,30/04/2022 21:39,175,48,1016,Dublin,FALSE,,46.62,,COMPLETED
100501,01/05/2022 17:24,01/05/2022 18:03,7,19,1111,Dublin,FALSE,,20.34,,COMPLETED
100502,02/05/2022 17:09,02/05/2022 17:48,207,224,1056,Dublin,FALSE,,44.06,,COMPLETED
100503,03/05/2022 18:54,03/05/2022 19:33,168,308,1168,Dublin,FALSE,,33.26,,COMPLETED
100504,04/05/2022 18:51,04/05/2022 19:30,328,9,1199,Dublin,FALSE,,36.45,,COMPLETED
100505,06/05/2022 17:24,06/05/2022 18:03,145,107,1152,Dublin,TRUE,HAPPYBIRTHDAY,39.17,10,COMPLETED
100506,06/05/2022 17:43,06/05/2022 18:22,141,98,1196,Dublin,FALSE,,36.72,,COMPLETED
100507,07/05/2022 18:13,07/05/2022 18:52,48,84,1258,Dublin,FALSE,,19.59,,COMPLETED
100508,08/05/2022 19:36,08/05/2022 20:15,267,20,1051,Dublin,FALSE,,44.49,,COMPLETED
100509,08/05/2022 20:06,08/05/2022 20:45,160,175,1224,Dublin,FALSE,,35.69,,COMPLETED
100510,10/05/2022 17:15,10/05/2022 17:54,184,44,1054,Dublin,FALSE,,21.71,,COMPLETED
100511,13/05/2022 21:37,13/05/2022 22:16,36,131,1211,Dublin,FALSE,,36.05,,COMPLETED
100512,14/05/2022 17:58,14/05/2022 18:37,243,194,1234,Dublin,FALSE,,10.43,,COMPLETED
100513,14/05/2022 18:41,14/05/2022 19:20,36,292,1229,Dublin,FALSE,,22.79,,COMPLETED
100514,14/05/2022 19:07,14/05/2022 19:46,145,63,1153,Dublin,TRUE,HAPPYBIRTHDAY,33.68,10,COMPLETED
100515,15/05/2022 19:03,15/05/2022 19:42,328,205,1230,Dublin,FALSE,,14.65,,COMPLETED
100516,16/05/2022 16:12,16/05/2022 16:51,195,58,1046,Dublin,FALSE,,20.48,,COMPLETED
100517,16/05/2022 21:32,16/05/2022 22:11,317,190,1349,Dublin,FALSE,,19.54,,COMPLETED
100518,17/05/2022 18:27,17/05/2022 19:06,166,59,1225,Dublin,FALSE,,23.24,,COMPLETED
100519,17/05/2022 18:30,17/05/2022 19:09,29,100,1170,Dublin,FALSE,,38.08,,COMPLETED
100520,19/05/2022 17:42,19/05/2022 18:21,355,6,1075,Dublin,FALSE,,42.98,,COMPLETED
100521,20/05/2022 17:10,20/05/2022 17:49,277,248,1277,Dublin,FALSE,,20.63,,COMPLETED
100522,20/05/2022 18:44,20/05/2022 19:23,356,28,1266,Dublin,FALSE,,12.76,,COMPLETED
100523,26/05/2022 17:19,26/05/2022 17:58,335,194,1175,Dublin,FALSE,,33.19,,COMPLETED
100524,26/05/2022 17:44,26/05/2022 18:23,335,322,1193,Dublin,FALSE,,32.71,,COMPLETED
100525,26/05/2022 18:14,26/05/2022 18:53,154,27,1097,Dublin,FALSE,,26.66,,COMPLETED
100526,26/05/2022 20:01,26/05/2022 20:40,307,104,1232,Dublin,FALSE,,9.98,,COMPLETED
100527,26/05/2022 20:36,26/05/2022 21:15,396,264,1184,Dublin,FALSE,,37.43,,COMPLETED
100528,26/05/2022 20:55,26/05/2022 21:34,241,232,1231,Dublin,FALSE,,32.1,,COMPLETED
100529,27/05/2022 17:05,27/05/2022 17:44,144,5,1191,Dublin,FALSE,,36.94,,COMPLETED
100530,27/05/2022 18:18,27/05/2022 18:57,182,111,1047,Dublin,FALSE,,30,,COMPLETED
100531,28/05/2022 18:19,28/05/2022 18:58,380,303,1077,Dublin,FALSE,,29.86,,COMPLETED
100532,29/05/2022 23:21,30/05/2022 00:00,131,182,1221,Dublin,TRUE,HAPPYBIRTHDAY,32.23,10,COMPLETED
100533,30/05/2022 18:59,30/05/2022 19:38,89,239,1204,Dublin,FALSE,,31.01,,COMPLETED
100534,01/06/2022 17:43,01/06/2022 18:19,328,106,1065,Dublin,FALSE,,19.59,,COMPLETED
100535,01/06/2022 18:35,01/06/2022 19:11,227,170,1296,Dublin,FALSE,,27.64,,COMPLETED
100536,02/06/2022 17:09,02/06/2022 17:51,206,62,1278,Dublin,FALSE,,23.94,,COMPLETED
100537,02/06/2022 18:18,02/06/2022 19:00,163,211,1043,Dublin,FALSE,,25.52,,COMPLETED
100538,04/06/2022 19:29,04/06/2022 20:11,275,70,1221,Dublin,FALSE,,22.35,,COMPLETED
100539,05/06/2022 19:03,05/06/2022 19:48,195,10,1273,Dublin,FALSE,,9.79,,COMPLETED
100540,05/06/2022 23:29,06/06/2022 00:14,69,84,1347,Dublin,FALSE,,14.15,,COMPLETED
100541,06/06/2022 18:54,06/06/2022 19:36,303,201,1235,Dublin,FALSE,,30.76,,COMPLETED
100542,06/06/2022 19:48,06/06/2022 20:33,215,47,1119,Dublin,FALSE,,29.37,,COMPLETED
100543,06/06/2022 20:54,06/06/2022 21:36,248,3,1290,Dublin,FALSE,,22.31,,COMPLETED
100544,06/06/2022 21:19,06/06/2022 22:04,198,232,1246,Dublin,FALSE,,16.36,,COMPLETED
100545,07/06/2022 22:27,07/06/2022 23:12,345,12,1219,Dublin,FALSE,,35.8,,COMPLETED
100546,09/06/2022 18:17,09/06/2022 19:02,177,158,1335,Dublin,FALSE,,18.72,,COMPLETED
100547,10/06/2022 21:13,10/06/2022 21:58,184,44,1277,Dublin,FALSE,,16.33,,COMPLETED
100548,11/06/2022 17:33,11/06/2022 18:12,319,8,1259,Dublin,FALSE,,28.78,,COMPLETED
100549,11/06/2022 17:43,11/06/2022 18:28,345,8,1263,Dublin,FALSE,,11.37,,COMPLETED
100550,11/06/2022 18:33,11/06/2022 19:09,36,267,1266,Dublin,FALSE,,17.96,,COMPLETED
100551,11/06/2022 20:01,11/06/2022 20:37,64,266,1325,Dublin,FALSE,,28.29,,COMPLETED
100552,12/06/2022 19:08,12/06/2022 19:50,160,222,1029,Dublin,FALSE,,19.56,,COMPLETED
100553,13/06/2022 18:44,13/06/2022 19:20,36,139,1126,Dublin,FALSE,,40.2,,COMPLETED
100554,13/06/2022 19:07,13/06/2022 19:52,255,9,1257,Dublin,FALSE,,11.25,,COMPLETED
100555,14/06/2022 17:47,14/06/2022 18:29,77,211,1007,Dublin,FALSE,,10.11,,COMPLETED
100556,15/06/2022 20:51,15/06/2022 21:27,97,26,1210,Dublin,FALSE,,36.23,,COMPLETED
100557,16/06/2022 18:57,16/06/2022 19:33,275,39,1298,Dublin,FALSE,,31.99,,COMPLETED
100558,16/06/2022 20:08,16/06/2022 20:50,29,9,1100,Dublin,FALSE,,20.63,,COMPLETED
100559,17/06/2022 20:09,17/06/2022 20:54,205,195,1118,Dublin,FALSE,,13.71,,COMPLETED
100560,17/06/2022 20:31,17/06/2022 21:16,172,6,1278,Dublin,FALSE,,19.49,,COMPLETED
100561,17/06/2022 23:08,17/06/2022 23:50,229,107,1245,Dublin,FALSE,,34.27,,COMPLETED
100562,18/06/2022 17:34,18/06/2022 18:19,206,20,1085,Dublin,FALSE,,16.3,,COMPLETED
100563,18/06/2022 18:31,18/06/2022 19:16,381,122,1132,Dublin,FALSE,,40.09,,COMPLETED
100564,18/06/2022 18:43,18/06/2022 19:28,303,284,1035,Dublin,FALSE,,20.03,,COMPLETED
100565,19/06/2022 17:03,19/06/2022 17:39,358,3,1218,Dublin,FALSE,,32.54,,COMPLETED
100566,19/06/2022 18:12,19/06/2022 18:48,274,44,1291,Dublin,FALSE,,24.49,,COMPLETED
100567,20/06/2022 17:32,20/06/2022 18:17,360,45,1234,Dublin,FALSE,,34.82,,COMPLETED
100568,20/06/2022 19:13,20/06/2022 19:58,167,186,1123,Dublin,FALSE,,28.62,,COMPLETED
100569,22/06/2022 18:40,22/06/2022 19:22,212,298,1315,Dublin,FALSE,,23.93,,COMPLETED
100570,23/06/2022 15:40,23/06/2022 16:25,319,66,1187,Dublin,FALSE,,37.37,,COMPLETED
100571,23/06/2022 18:34,23/06/2022 19:19,355,87,1241,Dublin,FALSE,,34.66,,COMPLETED
100572,23/06/2022 20:54,23/06/2022 21:30,370,47,1157,Dublin,FALSE,,31.94,,COMPLETED
100573,23/06/2022 21:39,23/06/2022 22:24,73,188,1107,Dublin,FALSE,,11.44,,COMPLETED
100574,23/06/2022 21:50,23/06/2022 22:29,133,68,1127,Dublin,FALSE,,17.96,,COMPLETED
100575,24/06/2022 17:40,24/06/2022 18:25,290,135,1330,Dublin,FALSE,,24.49,,COMPLETED
100576,24/06/2022 20:08,24/06/2022 20:53,390,63,1316,Dublin,FALSE,,28.73,,COMPLETED
100577,24/06/2022 21:21,24/06/2022 21:57,80,63,1101,Dublin,FALSE,,26.01,,COMPLETED
100578,26/06/2022 17:59,26/06/2022 18:41,279,154,1237,Dublin,FALSE,,34.76,,COMPLETED
100579,26/06/2022 19:24,26/06/2022 20:09,215,6,1052,Dublin,FALSE,,27.15,,COMPLETED
100580,26/06/2022 19:46,26/06/2022 20:22,320,99,1351,Dublin,FALSE,,17.42,,COMPLETED
100581,26/06/2022 21:55,26/06/2022 22:37,66,68,1273,Dublin,FALSE,,21.22,,COMPLETED
100582,26/06/2022 23:06,26/06/2022 23:51,144,91,1132,Dublin,FALSE,,21.71,,COMPLETED
100583,26/06/2022 23:25,27/06/2022 00:07,314,86,1057,Dublin,FALSE,,8.16,,COMPLETED
100584,27/06/2022 17:28,27/06/2022 18:04,116,68,1077,Dublin,FALSE,,29.33,,COMPLETED
100585,27/06/2022 18:38,27/06/2022 19:23,160,314,1336,Dublin,FALSE,,18.48,,COMPLETED
100586,27/06/2022 22:47,27/06/2022 23:29,377,331,1255,Dublin,FALSE,,28.88,,COMPLETED
100587,28/06/2022 20:58,28/06/2022 21:43,147,79,1005,Dublin,FALSE,,21.81,,COMPLETED
100588,28/06/2022 23:45,29/06/2022 00:30,245,98,1275,Dublin,FALSE,,25.47,,COMPLETED
100589,29/06/2022 17:12,29/06/2022 17:57,144,8,1106,Dublin,FALSE,,41.18,,COMPLETED
100590,30/06/2022 17:54,30/06/2022 18:30,200,9,1169,Dublin,FALSE,,31.56,,COMPLETED
100591,30/06/2022 20:28,30/06/2022 21:07,222,211,1018,Dublin,FALSE,,46.52,,COMPLETED
100592,01/07/2022 17:37,01/07/2022 18:13,274,39,1333,Dublin,FALSE,,17.42,,COMPLETED
100593,01/07/2022 18:38,01/07/2022 19:11,73,43,1032,Dublin,FALSE,,24.49,,COMPLETED
100594,01/07/2022 20:09,01/07/2022 20:42,99,15,1068,Dublin,FALSE,,20.44,,COMPLETED
100595,01/07/2022 20:58,01/07/2022 21:31,125,63,1277,Dublin,FALSE,,27.75,,COMPLETED
100596,02/07/2022 17:28,02/07/2022 18:01,73,114,1312,Dublin,FALSE,,10.87,,COMPLETED
100597,02/07/2022 17:42,02/07/2022 18:15,204,264,1235,Dublin,FALSE,,32.1,,COMPLETED
100598,02/07/2022 18:55,02/07/2022 19:28,216,9,1022,Dublin,FALSE,,28.78,,COMPLETED
100599,03/07/2022 17:15,03/07/2022 17:48,60,20,1066,Dublin,FALSE,,29.86,,COMPLETED
100600,03/07/2022 17:58,03/07/2022 18:31,109,289,1294,Dublin,FALSE,,21.77,,COMPLETED
100601,03/07/2022 23:56,04/07/2022 00:29,184,224,1259,Dublin,FALSE,,28.78,,COMPLETED
100602,04/07/2022 20:10,04/07/2022 20:43,329,9,1252,Dublin,FALSE,,23.4,,COMPLETED
100603,04/07/2022 20:19,04/07/2022 20:52,245,87,1157,Dublin,FALSE,,33.62,,COMPLETED
100604,04/07/2022 23:49,05/07/2022 00:22,314,41,1281,Dublin,FALSE,,20.13,,COMPLETED
100605,05/07/2022 21:31,05/07/2022 22:04,319,10,1269,Dublin,FALSE,,27.75,,COMPLETED
100606,06/07/2022 17:08,06/07/2022 17:41,157,48,1271,Cork,FALSE,,12.19,,COMPLETED
100607,06/07/2022 17:11,06/07/2022 17:44,255,45,1272,Cork,FALSE,,20.41,,COMPLETED
100608,06/07/2022 19:15,06/07/2022 19:48,198,53,1213,Cork,FALSE,,35.91,,COMPLETED
100609,08/07/2022 18:18,08/07/2022 18:51,219,8,1194,Cork,FALSE,,36.88,,COMPLETED
100610,08/07/2022 23:19,08/07/2022 23:55,291,205,1166,Cork,FALSE,,38.41,,COMPLETED
100611,09/07/2022 19:30,09/07/2022 20:03,163,86,1078,Cork,FALSE,,23.24,,COMPLETED
100612,11/07/2022 18:34,11/07/2022 19:07,184,30,1264,Cork,FALSE,,20.26,,COMPLETED
100613,11/07/2022 18:54,11/07/2022 19:27,351,175,1114,Cork,FALSE,,40.75,,COMPLETED
100614,11/07/2022 20:02,11/07/2022 20:35,224,3,1092,Cork,FALSE,,28.21,,COMPLETED
100615,11/07/2022 20:20,11/07/2022 20:53,313,20,1080,Cork,FALSE,,19.54,,COMPLETED
100616,12/07/2022 20:02,12/07/2022 20:38,73,44,1222,Cork,FALSE,,19.54,,COMPLETED
100617,13/07/2022 20:44,13/07/2022 21:17,155,87,1226,Cork,FALSE,,35.36,,COMPLETED
100618,13/07/2022 22:40,13/07/2022 23:13,43,7,1203,Cork,FALSE,,36.4,,COMPLETED
100619,13/07/2022 22:42,13/07/2022 23:15,353,205,1158,Cork,FALSE,,33.57,,COMPLETED
100620,13/07/2022 23:58,14/07/2022 00:31,117,214,1365,Cork,FALSE,,28.24,,COMPLETED
100621,14/07/2022 17:52,14/07/2022 18:25,216,12,1008,Cork,FALSE,,16.77,,COMPLETED
100622,14/07/2022 21:45,14/07/2022 22:21,77,5,1003,Cork,FALSE,,28.24,,COMPLETED
100623,14/07/2022 21:47,14/07/2022 22:20,197,48,1303,Cork,FALSE,,28.78,,COMPLETED
100624,15/07/2022 20:34,15/07/2022 21:10,193,58,1078,Cork,FALSE,,42.92,,COMPLETED
100625,15/07/2022 21:07,15/07/2022 21:40,133,12,1093,Cork,FALSE,,18.51,,COMPLETED
100626,16/07/2022 16:43,16/07/2022 17:16,381,232,1162,Cork,FALSE,,31.75,,COMPLETED
100627,16/07/2022 17:06,16/07/2022 17:39,144,8,1027,Cork,FALSE,,20.57,,COMPLETED
100628,16/07/2022 17:58,16/07/2022 18:31,312,9,1270,Cork,FALSE,,11.98,,COMPLETED
100629,16/07/2022 18:46,16/07/2022 19:19,97,43,1221,Cork,FALSE,,16.33,,COMPLETED
100630,16/07/2022 19:03,16/07/2022 19:36,60,84,1197,Cork,FALSE,,32.65,,COMPLETED
100631,16/07/2022 22:51,16/07/2022 23:24,195,351,1282,Cork,FALSE,,28.78,,COMPLETED
100632,17/07/2022 22:01,17/07/2022 22:34,259,20,1031,Cork,FALSE,,19.54,,COMPLETED
100633,17/07/2022 23:33,18/07/2022 00:06,200,215,1227,Cork,FALSE,,32.1,,COMPLETED
100634,19/07/2022 20:30,19/07/2022 21:03,320,68,1178,Cork,FALSE,,37.54,,COMPLETED
100635,19/07/2022 21:36,19/07/2022 22:09,265,107,1131,Cork,FALSE,,40.15,,COMPLETED
100636,20/07/2022 17:55,20/07/2022 18:31,367,28,1272,Dublin,FALSE,,28.73,,COMPLETED
100637,21/07/2022 20:12,21/07/2022 20:45,60,84,1291,Dublin,FALSE,,16.77,,COMPLETED
100638,22/07/2022 18:52,22/07/2022 19:25,216,14,1021,Dublin,FALSE,,47.12,,COMPLETED
100639,23/07/2022 18:29,23/07/2022 19:02,327,232,1112,Dublin,FALSE,,21.17,,COMPLETED
100640,26/07/2022 17:31,26/07/2022 18:04,402,205,1242,Dublin,FALSE,,34.66,,COMPLETED
100641,26/07/2022 18:47,26/07/2022 19:20,356,9,1059,Dublin,FALSE,,29.87,,COMPLETED
100642,26/07/2022 20:02,26/07/2022 20:38,376,9,1340,Dublin,FALSE,,27.75,,COMPLETED
100643,27/07/2022 17:25,27/07/2022 17:58,390,8,1298,Dublin,FALSE,,16.28,,COMPLETED
100644,27/07/2022 20:44,27/07/2022 21:17,195,3,1218,Dublin,FALSE,,30.96,,COMPLETED
100645,27/07/2022 21:18,27/07/2022 21:51,168,201,1042,Dublin,FALSE,,45.14,,COMPLETED
100646,27/07/2022 23:52,28/07/2022 00:25,424,123,1183,Dublin,FALSE,,31.45,,COMPLETED
100647,28/07/2022 17:12,28/07/2022 17:45,163,59,1126,Dublin,FALSE,,106.1,,COMPLETED
100648,28/07/2022 18:10,28/07/2022 18:46,232,380,1028,Dublin,FALSE,,20.57,,COMPLETED
100649,28/07/2022 19:01,28/07/2022 19:34,86,76,1319,Dublin,FALSE,,22.8,,COMPLETED
100650,28/07/2022 21:32,28/07/2022 22:05,276,107,1276,Dublin,FALSE,,9.54,,COMPLETED
100651,30/07/2022 20:16,30/07/2022 20:52,429,370,1110,Dublin,FALSE,,24.38,,COMPLETED
100652,01/08/2022 23:25,01/08/2022 23:58,314,107,1003,Dublin,FALSE,,9.92,,COMPLETED
100653,02/08/2022 20:34,02/08/2022 21:07,248,25,1070,Dublin,FALSE,,43.41,,COMPLETED
100654,03/08/2022 18:36,03/08/2022 19:09,222,47,1070,Dublin,FALSE,,19.59,,COMPLETED
100655,04/08/2022 17:42,04/08/2022 18:15,330,10,1102,Dublin,FALSE,,20.1,,COMPLETED
100656,06/08/2022 19:19,06/08/2022 19:52,89,44,1033,Dublin,FALSE,,20.57,,COMPLETED
100657,07/08/2022 17:00,07/08/2022 17:33,341,70,1264,Dublin,FALSE,,12.13,,COMPLETED
100658,07/08/2022 18:36,07/08/2022 19:09,224,44,1298,Dublin,FALSE,,20.15,,COMPLETED
100659,07/08/2022 19:10,07/08/2022 19:43,198,114,1061,Dublin,FALSE,,29.87,,COMPLETED
100660,07/08/2022 20:12,07/08/2022 20:45,224,98,1309,Dublin,FALSE,,19.56,,COMPLETED
100661,07/08/2022 21:00,07/08/2022 21:33,350,79,1254,Dublin,FALSE,,28.89,,COMPLETED
100662,08/08/2022 17:19,08/08/2022 17:52,64,29,1025,Dublin,FALSE,,9.86,,COMPLETED
100663,08/08/2022 18:14,08/08/2022 18:47,248,50,1342,Dublin,FALSE,,18.45,,COMPLETED
100664,08/08/2022 21:32,08/08/2022 22:05,147,241,1062,Dublin,FALSE,,43.99,,COMPLETED
100665,09/08/2022 21:10,09/08/2022 21:43,327,8,1175,Dublin,FALSE,,31.5,,COMPLETED
100666,11/08/2022 18:37,11/08/2022 19:10,131,182,1028,Dublin,FALSE,,13.82,,COMPLETED
100667,12/08/2022 18:19,12/08/2022 18:52,314,20,1233,Dublin,FALSE,,20.31,,COMPLETED
100668,13/08/2022 20:06,13/08/2022 20:39,336,317,1231,Dublin,FALSE,,11.75,,COMPLETED
100669,13/08/2022 20:33,13/08/2022 21:06,327,8,1216,Dublin,FALSE,,35.85,,COMPLETED
100670,14/08/2022 21:15,14/08/2022 21:48,195,4,1267,Dublin,FALSE,,19.59,,COMPLETED
100671,15/08/2022 18:35,15/08/2022 19:08,195,360,1105,Dublin,FALSE,,29.51,,COMPLETED
100672,16/08/2022 21:14,16/08/2022 21:47,313,84,1104,Dublin,FALSE,,41.24,,COMPLETED
100673,16/08/2022 21:45,16/08/2022 22:18,207,46,1337,Dublin,FALSE,,14.66,,COMPLETED
100674,17/08/2022 17:55,17/08/2022 18:28,254,9,1002,Dublin,FALSE,,22.26,,COMPLETED
100675,17/08/2022 18:16,17/08/2022 18:49,123,271,1283,Dublin,FALSE,,23.93,,COMPLETED
100676,17/08/2022 18:23,17/08/2022 18:56,287,50,1177,Dublin,FALSE,,33.13,,COMPLETED
100677,17/08/2022 19:11,17/08/2022 19:44,222,68,1204,Dublin,FALSE,,32.59,,COMPLETED
100678,17/08/2022 20:48,17/08/2022 21:21,336,271,1214,Dublin,FALSE,,35.87,,COMPLETED
100679,18/08/2022 17:10,18/08/2022 17:43,370,68,1010,Dublin,FALSE,,28.73,,COMPLETED
100680,18/08/2022 17:16,18/08/2022 17:49,224,86,1284,Dublin,FALSE,,20.21,,COMPLETED
100681,18/08/2022 17:24,18/08/2022 17:57,133,14,1268,Dublin,FALSE,,20.48,,COMPLETED
100682,19/08/2022 17:19,19/08/2022 17:52,172,351,1314,Dublin,FALSE,,25.13,,COMPLETED
100683,19/08/2022 19:51,19/08/2022 20:24,299,341,1308,Dublin,FALSE,,27.15,,COMPLETED
100684,20/08/2022 17:29,20/08/2022 18:02,87,360,1071,Dublin,FALSE,,43.41,,COMPLETED
100685,21/08/2022 20:00,21/08/2022 20:33,257,223,1125,Dublin,FALSE,,22.26,,COMPLETED
100686,21/08/2022 21:18,21/08/2022 21:51,351,183,1223,Dublin,FALSE,,16.39,,COMPLETED
100687,22/08/2022 17:44,22/08/2022 18:17,41,86,1134,Dublin,FALSE,,39.83,,COMPLETED
100688,22/08/2022 20:59,22/08/2022 21:32,279,165,1310,Dublin,FALSE,,22.86,,COMPLETED
100689,23/08/2022 20:01,23/08/2022 20:34,101,205,1049,Dublin,FALSE,,29.93,,COMPLETED
100690,23/08/2022 21:31,23/08/2022 22:04,66,47,1251,Dublin,FALSE,,16.23,,COMPLETED
100691,24/08/2022 17:14,24/08/2022 17:47,222,9,1031,Dublin,FALSE,,45.69,,COMPLETED
100692,24/08/2022 18:01,24/08/2022 18:34,401,97,1128,Dublin,FALSE,,13.46,,COMPLETED
100693,24/08/2022 21:01,24/08/2022 21:34,248,43,1220,Dublin,FALSE,,30.96,,COMPLETED
100694,26/08/2022 17:09,26/08/2022 17:42,84,48,1224,Dublin,FALSE,,10.99,,COMPLETED
100695,26/08/2022 17:52,26/08/2022 18:25,290,188,1356,Dublin,FALSE,,14.65,,COMPLETED
100696,26/08/2022 18:21,26/08/2022 18:54,264,316,1265,Dublin,FALSE,,17.42,,COMPLETED
100697,26/08/2022 19:02,26/08/2022 19:35,392,342,1225,Dublin,FALSE,,20.63,,COMPLETED
100698,26/08/2022 20:25,26/08/2022 20:58,156,48,1240,Dublin,FALSE,,34.71,,COMPLETED
100699,27/08/2022 17:19,27/08/2022 17:52,362,84,1008,Dublin,FALSE,,9.6,,COMPLETED
100700,27/08/2022 18:52,27/08/2022 19:25,362,205,1272,Dublin,FALSE,,15.73,,COMPLETED
100701,27/08/2022 19:07,27/08/2022 19:40,56,62,1035,Dublin,FALSE,,17.91,,COMPLETED
100702,27/08/2022 21:11,27/08/2022 21:44,66,6,1280,Dublin,FALSE,,20.08,,COMPLETED
100703,27/08/2022 23:05,27/08/2022 23:38,134,43,1185,Dublin,FALSE,,31.45,,COMPLETED
100704,28/08/2022 20:11,28/08/2022 20:44,154,107,1014,Dublin,FALSE,,46.67,,COMPLETED
100705,28/08/2022 20:52,28/08/2022 21:25,184,30,1233,Dublin,FALSE,,16.82,,COMPLETED
100706,29/08/2022 23:15,29/08/2022 23:48,154,7,1026,Dublin,FALSE,,46.04,,COMPLETED
100707,30/08/2022 18:53,30/08/2022 19:26,147,94,1100,Dublin,FALSE,,29.65,,COMPLETED
100708,30/08/2022 21:23,30/08/2022 21:56,275,98,1276,Dublin,FALSE,,25.47,,COMPLETED
100709,03/09/2022 18:27,03/09/2022 19:00,224,15,1334,Dublin,FALSE,,28.29,,COMPLETED
100710,05/09/2022 18:22,05/09/2022 18:55,344,2,1292,Dublin,FALSE,,15.24,,COMPLETED
100711,05/09/2022 21:38,05/09/2022 22:11,222,227,1075,Dublin,FALSE,,29.33,,COMPLETED
100712,07/09/2022 17:32,07/09/2022 18:05,154,19,1220,Dublin,FALSE,,32.23,,COMPLETED
100713,09/09/2022 16:45,09/09/2022 17:18,145,62,1083,Dublin,FALSE,,29.82,,COMPLETED
100714,09/09/2022 17:27,09/09/2022 18:00,84,205,1227,Dublin,FALSE,,30.85,,COMPLETED
100715,09/09/2022 17:43,09/09/2022 18:16,207,44,1262,Dublin,FALSE,,9.67,,COMPLETED
100716,11/09/2022 19:38,11/09/2022 20:11,259,107,1040,Dublin,FALSE,,45.15,,COMPLETED
100717,19/09/2022 21:44,19/09/2022 22:17,380,175,1122,Dublin,FALSE,,25.47,,COMPLETED
100718,23/09/2022 18:37,23/09/2022 19:10,154,114,1103,Dublin,FALSE,,13.65,,COMPLETED
100719,27/09/2022 18:57,27/09/2022 19:30,267,20,1269,Dublin,FALSE,,13.58,,COMPLETED
100720,27/09/2022 19:42,27/09/2022 20:15,366,20,1355,Dublin,FALSE,,23.92,,COMPLETED
100721,28/09/2022 17:12,28/09/2022 17:45,288,120,1247,Dublin,FALSE,,32.05,,COMPLETED
100722,28/09/2022 17:28,28/09/2022 18:01,76,352,1074,Dublin,FALSE,,43.19,,COMPLETED
100723,29/09/2022 20:58,29/09/2022 21:31,248,241,1047,Dublin,FALSE,,15.86,,COMPLETED
100724,30/09/2022 18:14,30/09/2022 18:47,184,214,1134,Dublin,FALSE,,20.14,,COMPLETED
100725,01/10/2022 17:19,01/10/2022 17:52,139,43,1265,Dublin,FALSE,,15.24,,COMPLETED
100726,01/10/2022 23:50,02/10/2022 00:23,147,68,1071,Dublin,FALSE,,26.12,,COMPLETED
100727,04/10/2022 18:23,04/10/2022 18:56,175,128,1041,Dublin,FALSE,,45.15,,COMPLETED
100728,04/10/2022 18:49,04/10/2022 19:22,98,62,1001,Dublin,FALSE,,20.12,,COMPLETED
100729,05/10/2022 20:08,05/10/2022 20:41,156,6,1223,Dublin,FALSE,,17.91,,COMPLETED
100730,09/10/2022 17:38,09/10/2022 18:11,286,21,1252,Dublin,FALSE,,29.09,,COMPLETED
100731,14/10/2022 18:23,14/10/2022 18:56,200,28,1167,Dublin,FALSE,,38.35,,COMPLETED
100732,14/10/2022 21:38,14/10/2022 22:11,277,114,1162,Dublin,FALSE,,33.57,,COMPLETED
100733,14/10/2022 21:48,14/10/2022 22:21,315,107,1229,Dublin,FALSE,,35.31,,COMPLETED
100734,19/10/2022 19:47,19/10/2022 20:20,360,109,1160,Dublin,FALSE,,38.6,,COMPLETED
100735,19/10/2022 20:42,19/10/2022 21:15,195,360,1227,Dublin,FALSE,,20.46,,COMPLETED
100736,19/10/2022 21:06,19/10/2022 21:39,48,53,1086,Dublin,FALSE,,29.79,,COMPLETED
100737,20/10/2022 21:42,20/10/2022 22:15,144,207,1032,Dublin,FALSE,,30.2,,COMPLETED
100738,22/10/2022 20:24,22/10/2022 20:57,327,107,1079,Dublin,FALSE,,14.53,,COMPLETED
100739,22/10/2022 21:18,22/10/2022 21:51,147,215,1285,Dublin,FALSE,,28.24,,COMPLETED
100740,22/10/2022 21:39,22/10/2022 22:12,195,16,1119,Dublin,FALSE,,20.41,,COMPLETED
100741,23/10/2022 17:40,23/10/2022 18:13,365,7,1019,Dublin,FALSE,,30.41,,COMPLETED
100742,24/10/2022 21:19,24/10/2022 21:52,154,10,1060,Dublin,FALSE,,44.01,,COMPLETED
100743,26/10/2022 23:51,27/10/2022 00:24,366,221,1011,Dublin,FALSE,,24.16,,COMPLETED
100744,27/10/2022 21:36,27/10/2022 22:09,379,38,1064,Dublin,FALSE,,43.95,,COMPLETED
100745,30/10/2022 18:47,30/10/2022 19:20,365,8,1357,Dublin,FALSE,,22.31,,COMPLETED
100746,01/11/2022 17:18,01/11/2022 17:52,286,6,1043,Galway,FALSE,,45.1,,COMPLETED
100747,01/11/2022 18:10,01/11/2022 18:44,215,9,1332,Galway,FALSE,,12.89,,COMPLETED
100748,01/11/2022 18:44,01/11/2022 19:18,288,6,1246,Galway,FALSE,,34.22,,COMPLETED
100749,01/11/2022 19:12,01/11/2022 19:46,319,14,1073,Galway,FALSE,,43.25,,COMPLETED
100750,01/11/2022 21:49,01/11/2022 22:23,248,87,1012,Kerry,FALSE,,17.36,,COMPLETED
100751,01/11/2022 22:44,01/11/2022 23:17,60,8,1296,Galway,FALSE,,16.82,,COMPLETED
100752,02/11/2022 18:20,02/11/2022 18:53,64,45,1326,Galway,FALSE,,11.5,,COMPLETED
100753,02/11/2022 19:15,02/11/2022 19:49,168,321,1016,Galway,FALSE,,26.66,,COMPLETED
100754,02/11/2022 21:32,02/11/2022 22:05,147,219,1179,Galway,FALSE,,37.54,,COMPLETED
100755,03/11/2022 18:19,03/11/2022 18:52,288,8,1159,Galway,FALSE,,38.63,,COMPLETED
100756,03/11/2022 18:41,03/11/2022 19:14,277,106,1198,Galway,FALSE,,32.65,,COMPLETED
100757,03/11/2022 18:50,03/11/2022 19:24,36,194,1010,Galway,FALSE,,9.16,,COMPLETED
100758,03/11/2022 19:47,03/11/2022 20:21,287,31,1345,Kerry,FALSE,,30.47,,COMPLETED
100759,04/11/2022 17:24,04/11/2022 17:58,348,20,1048,Galway,FALSE,,20.08,,COMPLETED
100760,04/11/2022 18:16,04/11/2022 18:49,267,8,1264,Galway,FALSE,,25.03,,COMPLETED
100761,04/11/2022 18:49,04/11/2022 19:23,228,179,1359,Kerry,FALSE,,19.59,,COMPLETED
100762,04/11/2022 18:59,04/11/2022 19:32,216,105,1192,Galway,FALSE,,36.94,,COMPLETED
100763,04/11/2022 19:50,04/11/2022 20:24,232,154,1006,Galway,FALSE,,26.61,,COMPLETED
100764,04/11/2022 20:27,04/11/2022 21:01,287,55,1109,Galway,FALSE,,19,,COMPLETED
100765,04/11/2022 21:40,04/11/2022 22:14,287,23,1182,Galway,FALSE,,37.48,,COMPLETED
100766,04/11/2022 23:18,04/11/2022 23:51,141,87,1328,Galway,FALSE,,28.17,,COMPLETED
100767,05/11/2022 18:34,05/11/2022 19:07,125,96,1005,Galway,FALSE,,27.75,,COMPLETED
100768,05/11/2022 18:51,05/11/2022 19:25,195,91,1028,Kerry,FALSE,,45.92,,COMPLETED
100769,05/11/2022 19:14,05/11/2022 19:48,84,53,1045,Galway,FALSE,,14.72,,COMPLETED
100770,06/11/2022 17:44,06/11/2022 18:18,215,53,1269,Kerry,FALSE,,10.68,,COMPLETED
100771,07/11/2022 17:26,07/11/2022 17:59,222,324,1096,Galway,FALSE,,20.03,,COMPLETED
100772,08/11/2022 18:01,08/11/2022 18:35,349,83,1059,Galway,FALSE,,69.51,,COMPLETED
100773,08/11/2022 19:39,08/11/2022 20:13,341,212,1263,Galway,FALSE,,25.46,,COMPLETED
100774,08/11/2022 23:35,09/11/2022 00:08,254,68,1053,Galway,FALSE,,44.4,,COMPLETED
100775,09/11/2022 16:42,09/11/2022 17:16,337,43,1037,Galway,FALSE,,20.63,,COMPLETED
100776,09/11/2022 17:28,09/11/2022 18:01,48,20,1026,Galway,FALSE,,26.33,,COMPLETED
100777,09/11/2022 17:44,09/11/2022 18:17,286,76,1065,Galway,FALSE,,29.87,,COMPLETED
100778,09/11/2022 18:02,09/11/2022 18:35,29,10,1275,Galway,FALSE,,13.14,,COMPLETED
100779,09/11/2022 18:16,09/11/2022 18:50,86,107,1238,Kerry,FALSE,,34.76,,COMPLETED
100780,09/11/2022 20:06,09/11/2022 20:39,229,10,1226,Galway,FALSE,,20.28,,COMPLETED
100781,09/11/2022 20:37,09/11/2022 21:11,273,211,1076,Galway,FALSE,,42.98,,COMPLETED
100782,09/11/2022 21:03,09/11/2022 21:37,97,7,1094,Galway,FALSE,,41.89,,COMPLETED
100783,10/11/2022 17:39,10/11/2022 18:12,265,91,1236,Galway,FALSE,,32.1,,COMPLETED
100784,10/11/2022 17:59,10/11/2022 18:33,36,340,1008,Kerry,FALSE,,18.51,,COMPLETED
100785,10/11/2022 20:09,10/11/2022 20:43,328,9,1005,Galway,FALSE,,17.42,,COMPLETED
100786,10/11/2022 21:17,10/11/2022 21:51,320,347,1086,Galway,FALSE,,28.24,,COMPLETED
100787,10/11/2022 22:22,10/11/2022 22:56,303,271,1034,Galway,FALSE,,45.62,,COMPLETED
100788,11/11/2022 17:32,11/11/2022 18:05,155,217,1095,Galway,FALSE,,41.88,,COMPLETED
100789,11/11/2022 20:51,11/11/2022 21:25,89,43,1013,Kerry,FALSE,,16.28,,COMPLETED
100790,12/11/2022 18:55,12/11/2022 19:28,41,104,1236,Galway,FALSE,,30.7,,COMPLETED
100791,12/11/2022 20:30,12/11/2022 21:04,354,8,1007,Galway,FALSE,,19,,COMPLETED
100792,12/11/2022 20:50,12/11/2022 21:24,290,201,1031,Galway,FALSE,,28.38,,COMPLETED
100793,12/11/2022 21:02,12/11/2022 21:36,195,107,1285,Galway,FALSE,,28.73,,COMPLETED
100794,12/11/2022 21:27,12/11/2022 22:01,267,66,1165,Galway,FALSE,,38.46,,COMPLETED
100795,13/11/2022 19:48,13/11/2022 20:22,112,3,1102,Galway,FALSE,,41.29,,COMPLETED
100796,13/11/2022 20:03,13/11/2022 20:36,56,12,1228,Galway,FALSE,,22.8,,COMPLETED
100797,13/11/2022 21:21,13/11/2022 21:55,276,6,1090,Galway,FALSE,,22.26,,COMPLETED
100798,13/11/2022 21:27,13/11/2022 22:01,334,170,1081,Galway,FALSE,,28.38,,COMPLETED
100799,13/11/2022 23:55,14/11/2022 00:28,144,48,1108,Galway,FALSE,,41.18,,COMPLETED
100800,14/11/2022 17:29,14/11/2022 18:02,299,212,1361,Dublin,FALSE,,28.78,,COMPLETED
100801,14/11/2022 17:57,14/11/2022 18:30,155,251,1156,Galway,FALSE,,31.99,,COMPLETED
100802,14/11/2022 18:44,14/11/2022 19:18,371,66,1001,Galway,FALSE,,16.82,,COMPLETED
100803,14/11/2022 18:59,14/11/2022 19:33,356,97,1331,Kerry,FALSE,,15.1,,COMPLETED
100804,14/11/2022 19:20,14/11/2022 19:54,125,107,1019,Galway,FALSE,,16.55,,COMPLETED
100805,15/11/2022 17:21,15/11/2022 17:55,299,76,1158,Galway,FALSE,,31.94,,COMPLETED
100806,15/11/2022 17:51,15/11/2022 18:25,249,201,1320,Galway,FALSE,,15.99,,COMPLETED
100807,15/11/2022 18:36,15/11/2022 19:10,168,270,1209,Galway,FALSE,,30.98,,COMPLETED
100808,15/11/2022 20:41,15/11/2022 21:14,229,68,1053,Galway,FALSE,,21.17,,COMPLETED
100809,15/11/2022 20:52,15/11/2022 21:26,166,8,1061,Kerry,FALSE,,20.03,,COMPLETED
100810,15/11/2022 23:11,15/11/2022 23:44,154,243,1189,Galway,FALSE,,33.02,,COMPLETED
100811,16/11/2022 17:41,16/11/2022 18:15,254,8,1013,Galway,FALSE,,20.38,,COMPLETED
100812,16/11/2022 17:52,16/11/2022 18:26,157,91,1250,Galway,FALSE,,33.73,,COMPLETED
100813,16/11/2022 17:52,16/11/2022 18:26,224,99,1010,Galway,FALSE,,15.16,,COMPLETED
100814,16/11/2022 17:58,16/11/2022 18:31,89,114,1046,Galway,FALSE,,44.99,,COMPLETED
100815,17/11/2022 17:57,17/11/2022 18:31,309,6,1353,Galway,FALSE,,27.15,,COMPLETED
100816,17/11/2022 18:10,17/11/2022 18:43,358,83,1268,Galway,FALSE,,23.78,,COMPLETED
100817,17/11/2022 18:26,17/11/2022 19:00,239,313,1227,Galway,FALSE,,20.53,,COMPLETED
100818,17/11/2022 18:35,17/11/2022 19:08,204,225,1069,Galway,FALSE,,43.46,,COMPLETED
100819,17/11/2022 21:19,17/11/2022 21:52,308,107,1222,Galway,FALSE,,22.26,,COMPLETED
100820,18/11/2022 18:38,18/11/2022 19:12,277,239,1058,Kerry,FALSE,,26.66,,COMPLETED
100821,18/11/2022 19:01,18/11/2022 19:35,229,353,1205,Galway,FALSE,,31.01,,COMPLETED
100822,18/11/2022 19:12,18/11/2022 19:46,184,214,1297,Galway,FALSE,,20.14,,COMPLETED
100823,18/11/2022 21:03,18/11/2022 21:37,249,175,1341,Galway,FALSE,,12.38,,COMPLETED
100824,18/11/2022 21:08,18/11/2022 21:41,97,29,1094,Galway,FALSE,,14.91,,COMPLETED
100825,19/11/2022 19:56,19/11/2022 20:29,380,272,1363,Galway,FALSE,,27.2,,COMPLETED
100826,19/11/2022 23:22,19/11/2022 23:55,29,9,1283,Galway,FALSE,,11.98,,COMPLETED
100827,20/11/2022 17:02,20/11/2022 17:36,273,8,1017,Galway,FALSE,,21.66,,COMPLETED
100828,20/11/2022 21:22,20/11/2022 21:56,160,139,1069,Galway,FALSE,,17.96,,COMPLETED
100829,21/11/2022 17:22,21/11/2022 17:56,36,303,1212,Kerry,FALSE,,35.98,,COMPLETED
100830,21/11/2022 18:52,21/11/2022 19:25,275,48,1064,Galway,FALSE,,15.67,,COMPLETED
100831,21/11/2022 20:18,21/11/2022 20:51,323,88,1271,Galway,FALSE,,14.69,,COMPLETED
100832,21/11/2022 20:52,21/11/2022 21:26,259,107,1313,Galway,FALSE,,20.39,,COMPLETED
100833,22/11/2022 18:16,22/11/2022 18:50,311,107,1267,Galway,FALSE,,20.07,,COMPLETED
100834,22/11/2022 20:22,22/11/2022 20:56,299,98,1072,Galway,FALSE,,29.3,,COMPLETED
100835,23/11/2022 17:56,23/11/2022 18:29,395,63,1036,Galway,FALSE,,45.59,,COMPLETED
100836,23/11/2022 18:33,23/11/2022 19:07,84,12,1266,Galway,FALSE,,21.22,,COMPLETED
100837,23/11/2022 19:54,23/11/2022 20:28,290,225,1329,Galway,FALSE,,24.98,,COMPLETED
100838,23/11/2022 19:59,23/11/2022 20:33,248,87,1020,Kerry,FALSE,,30.41,,COMPLETED
100839,23/11/2022 20:13,23/11/2022 20:47,227,135,1295,Kerry,FALSE,,21.22,,COMPLETED
100840,23/11/2022 20:26,23/11/2022 21:00,351,271,1297,Galway,FALSE,,32.05,,COMPLETED
100841,23/11/2022 20:44,23/11/2022 21:17,248,26,1133,Galway,FALSE,,40.04,,COMPLETED
100842,23/11/2022 22:25,23/11/2022 22:59,365,30,1228,Galway,FALSE,,10.17,,COMPLETED
100843,24/11/2022 17:34,24/11/2022 18:08,43,5,1023,Kerry,FALSE,,25.03,,COMPLETED
100844,24/11/2022 19:28,24/11/2022 20:02,366,114,1253,Kerry,FALSE,,26.61,,COMPLETED
100845,24/11/2022 22:24,24/11/2022 22:57,373,303,1163,Galway,FALSE,,38.54,,COMPLETED
100846,26/11/2022 17:14,26/11/2022 17:47,41,264,1124,Dublin,TRUE,BLACKFRIDAY22,40.26,20,COMPLETED
100847,26/11/2022 17:43,26/11/2022 18:16,288,84,1090,Dublin,TRUE,BLACKFRIDAY22,42.21,20,COMPLETED
100848,26/11/2022 17:54,26/11/2022 18:27,259,19,1104,Dublin,TRUE,BLACKFRIDAY22,24.43,20,COMPLETED
100849,26/11/2022 17:58,26/11/2022 18:31,102,41,1092,Galway,FALSE,,29.72,,COMPLETED
100850,26/11/2022 18:22,26/11/2022 18:55,343,84,1228,Dublin,TRUE,BLACKFRIDAY22,35.31,20,COMPLETED
100851,26/11/2022 18:22,26/11/2022 18:55,323,44,1217,Dublin,TRUE,BLACKFRIDAY22,32.54,20,COMPLETED
100852,26/11/2022 18:22,26/11/2022 18:55,315,12,1107,Dublin,TRUE,BLACKFRIDAY22,41.18,20,COMPLETED
100853,26/11/2022 18:22,26/11/2022 18:55,43,233,1027,Dublin,TRUE,BLACKFRIDAY22,22.79,20,COMPLETED
100854,26/11/2022 18:52,26/11/2022 19:25,80,120,1067,Dublin,TRUE,BLACKFRIDAY22,12.26,20,COMPLETED
100855,26/11/2022 18:54,26/11/2022 19:27,268,339,1323,Galway,FALSE,,24.42,,COMPLETED
100856,26/11/2022 19:03,26/11/2022 19:37,212,132,1089,Galway,FALSE,,22.86,,COMPLETED
100857,26/11/2022 19:34,26/11/2022 20:08,177,274,1004,Galway,FALSE,,11.88,,COMPLETED
100858,26/11/2022 19:49,26/11/2022 20:22,123,298,1030,Dublin,TRUE,BLACKFRIDAY22,15.27,20,COMPLETED
100859,26/11/2022 20:07,26/11/2022 20:40,345,9,1322,Dublin,TRUE,BLACKFRIDAY22,27.15,20,COMPLETED
100860,26/11/2022 20:09,26/11/2022 20:42,290,201,1164,Dublin,TRUE,BLACKFRIDAY22,33.35,20,COMPLETED
100861,26/11/2022 20:09,26/11/2022 20:42,222,9,1127,Dublin,TRUE,BLACKFRIDAY22,40.2,20,COMPLETED
100862,26/11/2022 20:09,26/11/2022 20:42,243,186,1050,Dublin,TRUE,BLACKFRIDAY22,44.5,20,COMPLETED
100863,26/11/2022 20:09,26/11/2022 20:42,240,105,1011,Dublin,TRUE,BLACKFRIDAY22,46.76,20,COMPLETED
100864,26/11/2022 20:20,26/11/2022 20:53,343,224,1057,Galway,FALSE,,44.06,,COMPLETED
100865,26/11/2022 20:21,26/11/2022 20:54,184,217,1025,Dublin,TRUE,BLACKFRIDAY22,46.07,20,COMPLETED
100866,26/11/2022 20:44,26/11/2022 21:18,320,107,1346,Galway,FALSE,,30.42,,COMPLETED
100867,26/11/2022 20:48,26/11/2022 21:21,288,18,1082,Dublin,TRUE,BLACKFRIDAY22,15.98,20,COMPLETED
100868,26/11/2022 20:48,26/11/2022 21:21,134,109,1054,Dublin,TRUE,BLACKFRIDAY22,29.9,20,COMPLETED
100869,26/11/2022 20:52,26/11/2022 21:25,50,228,1103,Dublin,TRUE,BLACKFRIDAY22,18.7,20,COMPLETED
100870,26/11/2022 20:59,26/11/2022 21:33,177,256,1033,Kerry,FALSE,,45.68,,COMPLETED
100871,26/11/2022 21:08,26/11/2022 21:41,166,105,1287,Galway,FALSE,,19,,COMPLETED
100872,26/11/2022 21:15,26/11/2022 21:49,275,114,1074,Galway,FALSE,,17.36,,COMPLETED
100873,26/11/2022 21:28,26/11/2022 22:02,246,62,1041,Galway,FALSE,,25.52,,COMPLETED
100874,26/11/2022 21:30,26/11/2022 22:03,29,97,1304,Galway,FALSE,,20.84,,COMPLETED
100875,26/11/2022 21:53,26/11/2022 22:26,249,190,1299,Dublin,TRUE,BLACKFRIDAY22,20.63,20,COMPLETED
100876,26/11/2022 21:56,26/11/2022 22:29,215,3,1292,Dublin,TRUE,BLACKFRIDAY22,16.33,20,COMPLETED
100877,26/11/2022 22:25,26/11/2022 22:58,114,221,1088,Dublin,TRUE,BLACKFRIDAY22,11.38,20,COMPLETED
100878,26/11/2022 22:25,26/11/2022 22:58,49,41,1095,Dublin,TRUE,BLACKFRIDAY22,20.63,20,COMPLETED
100879,26/11/2022 22:25,26/11/2022 22:58,264,158,1306,Dublin,TRUE,BLACKFRIDAY22,16.55,20,COMPLETED
100880,26/11/2022 22:25,26/11/2022 22:58,156,97,1301,Dublin,TRUE,BLACKFRIDAY22,25.96,20,COMPLETED
100881,26/11/2022 22:25,26/11/2022 22:58,304,195,1289,Dublin,TRUE,BLACKFRIDAY22,20.38,20,COMPLETED
100882,26/11/2022 22:25,26/11/2022 22:58,402,9,1276,Dublin,TRUE,BLACKFRIDAY22,13.2,20,COMPLETED
100883,26/11/2022 22:25,26/11/2022 22:58,60,101,1265,Dublin,TRUE,BLACKFRIDAY22,17.42,20,COMPLETED
100884,26/11/2022 22:25,26/11/2022 22:58,349,104,1263,Dublin,TRUE,BLACKFRIDAY22,12.82,20,COMPLETED
100885,26/11/2022 22:25,26/11/2022 22:58,387,200,1256,Dublin,TRUE,BLACKFRIDAY22,27.48,20,COMPLETED
100886,26/11/2022 22:25,26/11/2022 22:58,152,68,1232,Dublin,TRUE,BLACKFRIDAY22,26.06,20,COMPLETED
100887,26/11/2022 22:25,26/11/2022 22:58,215,20,1231,Dublin,TRUE,BLACKFRIDAY22,15.54,20,COMPLETED
100888,26/11/2022 22:25,26/11/2022 22:58,320,62,1226,Dublin,TRUE,BLACKFRIDAY22,19.59,20,COMPLETED
100889,26/11/2022 22:25,26/11/2022 22:58,48,232,1181,Dublin,TRUE,BLACKFRIDAY22,37.48,20,COMPLETED
100890,26/11/2022 22:25,26/11/2022 22:58,41,232,1161,Dublin,TRUE,BLACKFRIDAY22,33.57,20,COMPLETED
100891,26/11/2022 22:25,26/11/2022 22:58,118,313,1150,Dublin,TRUE,BLACKFRIDAY22,31.99,20,COMPLETED
100892,26/11/2022 22:25,26/11/2022 22:58,117,247,1128,Dublin,TRUE,BLACKFRIDAY22,40.2,20,COMPLETED
100893,26/11/2022 22:25,26/11/2022 22:58,168,135,1121,Dublin,TRUE,BLACKFRIDAY22,10.8,20,COMPLETED
100894,26/11/2022 22:25,26/11/2022 22:58,320,9,1096,Dublin,TRUE,BLACKFRIDAY22,41.83,20,COMPLETED
100895,26/11/2022 22:25,26/11/2022 22:58,112,207,1063,Dublin,TRUE,BLACKFRIDAY22,29.87,20,COMPLETED
100896,26/11/2022 22:25,26/11/2022 22:58,199,283,1035,Dublin,TRUE,BLACKFRIDAY22,30.14,20,COMPLETED
100897,26/11/2022 22:25,26/11/2022 22:58,411,197,1029,Dublin,TRUE,BLACKFRIDAY22,18.17,20,COMPLETED
100898,26/11/2022 22:25,26/11/2022 22:58,259,14,1012,Dublin,TRUE,BLACKFRIDAY22,22.58,20,COMPLETED
100899,26/11/2022 22:35,26/11/2022 23:08,281,20,1087,Dublin,TRUE,BLACKFRIDAY22,15.73,20,COMPLETED
100900,26/11/2022 22:35,26/11/2022 23:08,308,10,1290,Dublin,TRUE,BLACKFRIDAY22,20.25,20,COMPLETED
100901,26/11/2022 22:35,26/11/2022 23:08,212,127,1034,Dublin,TRUE,BLACKFRIDAY22,12.7,20,COMPLETED
100902,26/11/2022 23:11,26/11/2022 23:44,245,111,1274,Galway,FALSE,,15.22,,COMPLETED
100903,26/11/2022 23:35,27/11/2022 00:08,123,383,1185,Dublin,TRUE,BLACKFRIDAY22,33.08,20,COMPLETED
100904,27/11/2022 18:51,27/11/2022 19:24,195,233,1286,Galway,FALSE,,19.03,,COMPLETED
100905,28/11/2022 17:43,28/11/2022 18:16,86,8,1014,Dublin,FALSE,,20.2,,COMPLETED
100906,28/11/2022 18:56,28/11/2022 19:30,323,50,1115,Galway,FALSE,,40.74,,COMPLETED
100907,28/11/2022 22:47,28/11/2022 23:20,216,27,1097,Galway,FALSE,,29.72,,COMPLETED
100908,29/11/2022 17:29,29/11/2022 18:03,248,41,1103,Galway,FALSE,,17.96,,COMPLETED
100909,29/11/2022 19:19,29/11/2022 19:53,34,268,1038,Kerry,FALSE,,45.44,,COMPLETED
100910,29/11/2022 21:21,29/11/2022 21:54,430,27,1154,Galway,FALSE,,33.68,,COMPLETED
100911,29/11/2022 22:08,29/11/2022 22:41,216,8,1208,Galway,FALSE,,36.29,,COMPLETED
100912,30/11/2022 20:18,30/11/2022 20:52,214,48,1030,Galway,FALSE,,28.73,,COMPLETED
100913,01/12/2022 17:06,01/12/2022 17:42,259,76,1343,Sligo,FALSE,,19.03,,COMPLETED
100914,01/12/2022 18:52,01/12/2022 19:28,320,5,1136,Sligo,FALSE,,39.71,,COMPLETED
100915,02/12/2022 17:33,02/12/2022 18:09,118,148,1225,Sligo,FALSE,,35.63,,COMPLETED
100916,02/12/2022 20:19,02/12/2022 20:55,228,311,1011,Sligo,FALSE,,23.33,,COMPLETED
100917,02/12/2022 20:58,02/12/2022 21:34,343,221,1063,Sligo,FALSE,,14.78,,COMPLETED
100918,03/12/2022 17:11,03/12/2022 17:53,114,83,1143,Leitrim,FALSE,,39.6,,COMPLETED
100919,03/12/2022 17:36,03/12/2022 18:12,329,89,1004,Kerry,FALSE,,20.39,,COMPLETED
100920,03/12/2022 19:52,03/12/2022 20:28,215,200,1275,Kerry,FALSE,,17.91,,COMPLETED
100921,03/12/2022 19:58,03/12/2022 20:34,207,50,1209,Sligo,FALSE,,32.59,,COMPLETED
100922,03/12/2022 20:40,03/12/2022 21:16,125,215,1344,Sligo,FALSE,,16.82,,COMPLETED
100923,04/12/2022 17:42,04/12/2022 18:24,320,20,1321,Leitrim,FALSE,,22.2,,COMPLETED
100924,04/12/2022 21:29,04/12/2022 22:05,347,68,1155,Kerry,FALSE,,33.68,,COMPLETED
100925,05/12/2022 17:32,05/12/2022 18:08,168,170,1023,Sligo,FALSE,,47.11,,COMPLETED
100926,05/12/2022 19:59,05/12/2022 20:35,216,4,1108,Kerry,FALSE,,19.59,,COMPLETED
100927,06/12/2022 18:53,06/12/2022 19:29,312,20,1056,Sligo,FALSE,,20.08,,COMPLETED
100928,06/12/2022 21:19,06/12/2022 22:01,240,71,1173,Leitrim,FALSE,,31.54,,COMPLETED
100929,06/12/2022 21:59,06/12/2022 22:41,246,14,1034,Leitrim,FALSE,,14.43,,COMPLETED
100930,07/12/2022 23:54,08/12/2022 00:30,291,8,1084,Sligo,FALSE,,17.96,,COMPLETED
100931,08/12/2022 20:54,08/12/2022 21:30,219,5,1364,Kerry,FALSE,,17.68,,COMPLETED
100932,08/12/2022 21:06,08/12/2022 21:42,248,26,1029,Sligo,FALSE,,16.28,,COMPLETED
100933,08/12/2022 21:08,08/12/2022 21:44,259,63,1206,Kerry,FALSE,,36.34,,COMPLETED
100934,08/12/2022 23:53,09/12/2022 00:35,184,41,1015,Sligo,FALSE,,20.53,,COMPLETED
100935,09/12/2022 17:31,09/12/2022 18:13,155,88,1116,Leitrim,FALSE,,40.74,,COMPLETED
100936,09/12/2022 18:18,09/12/2022 18:54,84,47,1338,Kerry,FALSE,,20.33,,COMPLETED
100937,09/12/2022 19:35,09/12/2022 20:03,314,107,1278,Kerry,FALSE,,18.17,,COMPLETED
100938,09/12/2022 20:08,09/12/2022 20:44,347,205,1324,Kerry,FALSE,,16.82,,COMPLETED
100939,10/12/2022 17:44,10/12/2022 18:20,317,194,1171,Kerry,FALSE,,38.08,,COMPLETED
100940,10/12/2022 18:39,10/12/2022 19:15,84,227,1148,Kerry,FALSE,,39.53,,COMPLETED
100941,10/12/2022 19:40,10/12/2022 20:16,199,195,1087,Sligo,FALSE,,29.76,,COMPLETED
100942,10/12/2022 23:53,11/12/2022 00:35,177,128,1083,Leitrim,FALSE,,28.78,,COMPLETED
100943,11/12/2022 18:15,11/12/2022 18:51,357,194,1300,Kerry,FALSE,,20.31,,COMPLETED
100944,12/12/2022 17:23,12/12/2022 18:05,170,34,1286,Leitrim,FALSE,,18.48,,COMPLETED
100945,12/12/2022 17:39,12/12/2022 18:15,317,186,1027,Sligo,FALSE,,46.02,,COMPLETED
100946,12/12/2022 18:38,12/12/2022 19:14,239,183,1230,Sligo,FALSE,,17.91,,COMPLETED
100947,12/12/2022 18:38,12/12/2022 19:20,345,9,1068,Leitrim,FALSE,,43.52,,COMPLETED
100948,12/12/2022 23:23,12/12/2022 23:59,182,172,1327,Sligo,FALSE,,20.41,,COMPLETED
100949,13/12/2022 18:51,13/12/2022 19:33,84,8,1024,Leitrim,FALSE,,19.59,,COMPLETED
100950,13/12/2022 18:54,13/12/2022 19:36,165,264,1274,Leitrim,FALSE,,26.06,,COMPLETED
100951,13/12/2022 20:50,13/12/2022 21:32,49,297,1032,Sligo,FALSE,,13.39,,COMPLETED
100952,13/12/2022 21:37,13/12/2022 22:13,66,20,1161,Kerry,FALSE,,31.94,,COMPLETED
100953,13/12/2022 21:59,13/12/2022 22:35,308,63,1027,Kerry,FALSE,,14.85,,COMPLETED
100954,14/12/2022 20:01,14/12/2022 20:37,368,107,1207,Kerry,FALSE,,31.01,,COMPLETED
100955,15/12/2022 17:03,,368,104,1073,Sligo,FALSE,,29.33,,CANCELLED
100956,15/12/2022 18:36,15/12/2022 19:12,303,195,1288,Kerry,FALSE,,16.17,,COMPLETED
100957,15/12/2022 18:50,15/12/2022 19:32,267,3,1345,Sligo,FALSE,,23.89,,COMPLETED
100958,15/12/2022 21:34,15/12/2022 22:10,154,76,1318,Kerry,FALSE,,26.55,,COMPLETED
100959,16/12/2022 17:09,16/12/2022 17:43,328,66,1271,Kerry,FALSE,,28.29,,COMPLETED
100960,16/12/2022 18:57,16/12/2022 19:39,248,87,1038,Leitrim,FALSE,,16.11,,COMPLETED
100961,16/12/2022 19:18,16/12/2022 20:00,145,107,1105,Leitrim,FALSE,,20.08,,COMPLETED
100962,17/12/2022 17:29,17/12/2022 18:05,360,30,1224,Sligo,FALSE,,19.54,,COMPLETED
100963,17/12/2022 20:39,17/12/2022 21:15,279,109,1200,Kerry,FALSE,,36.42,,COMPLETED
100964,18/12/2022 17:17,18/12/2022 17:59,101,95,1189,Leitrim,FALSE,,31.4,,COMPLETED
100965,19/12/2022 17:13,19/12/2022 17:49,174,182,1357,Sligo,FALSE,,18.7,,COMPLETED
100966,19/12/2022 21:50,19/12/2022 22:24,182,337,1082,Kerry,FALSE,,42.87,,COMPLETED
100967,20/12/2022 20:39,20/12/2022 21:15,365,89,1248,Sligo,FALSE,,34.17,,COMPLETED
100968,21/12/2022 17:30,21/12/2022 18:06,167,194,1293,Sligo,FALSE,,11.94,,COMPLETED
100969,21/12/2022 20:17,21/12/2022 20:53,222,62,1258,Kerry,FALSE,,22.86,,COMPLETED
100970,21/12/2022 20:28,21/12/2022 21:04,98,224,1305,Sligo,FALSE,,20.43,,COMPLETED
100971,22/12/2022 20:39,22/12/2022 21:15,345,6,1257,Sligo,FALSE,,20.68,,COMPLETED
100972,22/12/2022 23:05,22/12/2022 23:47,225,9,1346,Leitrim,FALSE,,12.32,,COMPLETED
100973,22/12/2022 23:32,23/12/2022 00:08,116,104,1052,Sligo,FALSE,,29.93,,COMPLETED
100974,23/12/2022 17:05,23/12/2022 17:41,99,83,1149,Kerry,FALSE,,39.5,,COMPLETED
100975,23/12/2022 17:17,23/12/2022 17:53,66,9,1110,Kerry,FALSE,,40.8,,COMPLETED
100976,23/12/2022 18:03,23/12/2022 18:39,99,84,1037,Kerry,FALSE,,45.56,,COMPLETED
100977,23/12/2022 19:55,23/12/2022 20:31,200,58,1357,Kerry,FALSE,,17.91,,COMPLETED
100978,24/12/2022 21:28,24/12/2022 22:10,163,10,1188,Sligo,FALSE,,37.21,,COMPLETED
100979,26/12/2022 17:23,26/12/2022 17:59,356,28,1022,Kerry,FALSE,,12.07,,COMPLETED
100980,26/12/2022 17:55,26/12/2022 18:37,177,272,1172,Leitrim,FALSE,,31.56,,COMPLETED
100981,26/12/2022 18:20,26/12/2022 18:56,305,6,1004,Sligo,FALSE,,16.82,,COMPLETED
100982,26/12/2022 18:25,26/12/2022 19:01,118,190,1007,Sligo,FALSE,,26.5,,COMPLETED
100983,26/12/2022 18:27,26/12/2022 19:09,177,289,1243,Leitrim,FALSE,,32.1,,COMPLETED
100984,26/12/2022 18:37,26/12/2022 19:13,197,100,1297,Kerry,FALSE,,27.21,,COMPLETED
100985,27/12/2022 17:19,27/12/2022 17:55,29,28,1254,Kerry,FALSE,,24.98,,COMPLETED
100986,27/12/2022 18:01,27/12/2022 18:37,29,62,1147,Sligo,FALSE,,39.55,,COMPLETED
100987,27/12/2022 18:47,27/12/2022 19:23,392,68,1262,Kerry,FALSE,,28.78,,COMPLETED
100988,27/12/2022 19:44,27/12/2022 20:18,144,4,1284,Kerry,FALSE,,19.59,,COMPLETED
100989,27/12/2022 23:54,28/12/2022 00:36,323,220,1307,Leitrim,FALSE,,20.06,,COMPLETED
100990,28/12/2022 17:17,28/12/2022 17:53,195,27,1256,Kerry,FALSE,,23.89,,COMPLETED
100991,28/12/2022 18:24,28/12/2022 19:00,232,383,1348,Kerry,FALSE,,16.28,,COMPLETED
100992,28/12/2022 21:26,28/12/2022 22:02,403,107,1044,Sligo,FALSE,,18.51,,COMPLETED
100993,28/12/2022 22:16,28/12/2022 22:58,190,270,1039,Leitrim,FALSE,,45.32,,COMPLETED
100994,28/12/2022 23:55,29/12/2022 00:31,48,11,1066,Kerry,FALSE,,20.63,,COMPLETED
100995,29/12/2022 17:43,29/12/2022 18:19,154,114,1360,Sligo,FALSE,,28.84,,COMPLETED
100996,29/12/2022 17:43,29/12/2022 18:19,431,205,1222,Kerry,FALSE,,35.74,,COMPLETED
100997,29/12/2022 17:52,29/12/2022 18:34,195,20,1009,Sligo,FALSE,,107.03,,COMPLETED
100998,29/12/2022 23:56,30/12/2022 00:32,43,68,1274,Kerry,FALSE,,11.18,,COMPLETED
